package_id,name,type,version,detected_licenses,license_references,evidence_paths
binary:Simple Launcher@1.1.0.14,Simple Launcher,binary,1.1.0.14,"","",""
binary:cli@UNKNOWN,cli,binary,UNKNOWN,"","",""
binary:cli-32@UNKNOWN,cli-32,binary,UNKNOWN,"","",""
binary:cli-64@UNKNOWN,cli-64,binary,UNKNOWN,"","",""
binary:cli-arm64@UNKNOWN,cli-arm64,binary,UNKNOWN,"","",""
binary:gui@UNKNOWN,gui,binary,UNKNOWN,"","",""
binary:gui-32@UNKNOWN,gui-32,binary,UNKNOWN,"","",""
binary:gui-64@UNKNOWN,gui-64,binary,UNKNOWN,"","",""
binary:gui-arm64@UNKNOWN,gui-arm64,binary,UNKNOWN,"","",""
binary:python@3.12.11,python,binary,3.12.11,"","",""
deb:adduser@3.118+deb11u1,adduser,deb,3.118+deb11u1,GPL-2.0-or-later,https://github.com/openjdk/jdk/blob/6162e2c5213c5dd7c1127fd9616b543efa898962/LICENSE;https://opensource.org/licenses/GPL-2.0;https://spdx.org/licenses/GPL-2.0-or-later.html;https://www.gnu.org/licenses/old-licenses/gpl-2.0-standalone.html,/usr/share/doc/adduser/copyright
deb:apt@2.2.4,apt,deb,2.2.4,GPL-2.0-or-later,https://github.com/openjdk/jdk/blob/6162e2c5213c5dd7c1127fd9616b543efa898962/LICENSE;https://opensource.org/licenses/GPL-2.0;https://spdx.org/licenses/GPL-2.0-or-later.html;https://www.gnu.org/licenses/old-licenses/gpl-2.0-standalone.html,/usr/share/doc/apt/copyright
deb:base-files@11.1+deb11u11,base-files,deb,11.1+deb11u11,GPL-2.0-or-later,https://github.com/openjdk/jdk/blob/6162e2c5213c5dd7c1127fd9616b543efa898962/LICENSE;https://opensource.org/licenses/GPL-2.0;https://spdx.org/licenses/GPL-2.0-or-later.html;https://www.gnu.org/licenses/old-licenses/gpl-2.0-standalone.html,/usr/share/doc/base-files/copyright
deb:base-passwd@3.5.51,base-passwd,deb,3.5.51,GPL-2.0-only OR public-domain,https://github.com/openjdk/jdk/blob/6162e2c5213c5dd7c1127fd9616b543efa898962/LICENSE;https://opensource.org/licenses/GPL-2.0;https://spdx.org/licenses/GPL-2.0-only.html;https://www.gnu.org/licenses/old-licenses/gpl-2.0-standalone.html;https://www.gnu.org/licenses/old-licenses/gpl-2.0.txt,/usr/share/doc/base-passwd/copyright
deb:bash@5.1-2+deb11u1,bash,deb,5.1-2+deb11u1,BSD-4-Clause-UC OR GPL-3.0-or-later,http://www.freebsd.org/copyright/license.html;https://opensource.org/licenses/GPL-3.0;https://spdx.org/licenses/BSD-4-Clause-UC.html;https://spdx.org/licenses/GPL-3.0-or-later.html;https://www.gnu.org/licenses/gpl-3.0-standalone.html,/usr/share/doc/bash/copyright
deb:bsdutils@1:2.36.1-8+deb11u2,bsdutils,deb,1:2.36.1-8+deb11u2,BSD-2-Clause OR BSD-3-Clause OR BSD-4-Clause OR GPL-2.0-only OR GPL-2.0-or-later OR GPL-3.0-only OR GPL-3.0-or-later OR LGPL OR LGPL-2.0-only OR LGPL-2.0-or-later OR LGPL-2.1-only OR LGPL-2.1-or-later OR LGPL-3.0-only OR LGPL-3.0-or-later OR MIT OR public-domain,http://directory.fsf.org/wiki/License:BSD_4Clause;http://opensource.org/licenses/MIT;https://github.com/openjdk/jdk/blob/6162e2c5213c5dd7c1127fd9616b543efa898962/LICENSE;https://opensource.org/license/mit/;https://opensource.org/licenses/BSD-2-Clause;https://opensource.org/licenses/BSD-3-Clause;https://opensource.org/licenses/GPL-2.0;https://opensource.org/licenses/GPL-3.0;https://opensource.org/licenses/LGPL-2.1;https://opensource.org/licenses/LGPL-3.0;https://spdx.org/licenses/BSD-2-Clause.html;https://spdx.org/licenses/BSD-3-Clause.html;https://spdx.org/licenses/BSD-4-Clause.html;https://spdx.org/licenses/GPL-2.0-only.html;https://spdx.org/licenses/GPL-2.0-or-later.html;https://spdx.org/licenses/GPL-3.0-only.html;https://spdx.org/licenses/GPL-3.0-or-later.html;https://spdx.org/licenses/LGPL-2.0-only.html;https://spdx.org/licenses/LGPL-2.0-or-later.html;https://spdx.org/licenses/LGPL-2.1-only.html;https://spdx.org/licenses/LGPL-2.1-or-later.html;https://spdx.org/licenses/LGPL-3.0-only.html;https://spdx.org/licenses/LGPL-3.0-or-later.html;https://spdx.org/licenses/MIT.html;https://www.eclipse.org/org/documents/edl-v10.php;https://www.gnu.org/licenses/gpl-3.0-standalone.html;https://www.gnu.org/licenses/lgpl+gpl-3.0.txt;https://www.gnu.org/licenses/lgpl-3.0-standalone.html;https://www.gnu.org/licenses/old-licenses/gpl-2.0-standalone.html;https://www.gnu.org/licenses/old-licenses/gpl-2.0.txt;https://www.gnu.org/licenses/old-licenses/lgpl-2.0-standalone.html;https://www.gnu.org/licenses/old-licenses/lgpl-2.1-standalone.html,/usr/share/doc/bsdutils/copyright
deb:ca-certificates@20210119,ca-certificates,deb,20210119,GPL-2.0-only OR GPL-2.0-or-later OR MPL-2.0,https://github.com/openjdk/jdk/blob/6162e2c5213c5dd7c1127fd9616b543efa898962/LICENSE;https://opensource.org/licenses/GPL-2.0;https://opensource.org/licenses/MPL-2.0;https://spdx.org/licenses/GPL-2.0-only.html;https://spdx.org/licenses/GPL-2.0-or-later.html;https://spdx.org/licenses/MPL-2.0.html;https://www.gnu.org/licenses/old-licenses/gpl-2.0-standalone.html;https://www.gnu.org/licenses/old-licenses/gpl-2.0.txt;https://www.mozilla.org/MPL/2.0/,/usr/share/doc/ca-certificates/copyright
deb:coreutils@8.32-4+b1,coreutils,deb,8.32-4+b1,BSD-3-Clause OR GFDL-1.2-no-invariants-or-later OR GPL-3.0-or-later OR ISC,https://opensource.org/licenses/BSD-3-Clause;https://opensource.org/licenses/GPL-3.0;https://opensource.org/licenses/ISC;https://spdx.org/licenses/BSD-3-Clause.html;https://spdx.org/licenses/GFDL-1.2-no-invariants-or-later.html;https://spdx.org/licenses/GPL-3.0-or-later.html;https://spdx.org/licenses/ISC.html;https://www.eclipse.org/org/documents/edl-v10.php;https://www.gnu.org/licenses/gpl-3.0-standalone.html;https://www.gnu.org/licenses/old-licenses/fdl-1.2.txt;https://www.isc.org/downloads/software-support-policy/isc-license/;https://www.isc.org/licenses/,/usr/share/doc/coreutils/copyright
deb:curl@7.74.0-1.3+deb11u16,curl,deb,7.74.0-1.3+deb11u16,BSD-3-Clause OR BSD-4-Clause OR ISC OR curl OR other OR public-domain,http://directory.fsf.org/wiki/License:BSD_4Clause;https://github.com/bagder/curl/blob/master/COPYING;https://opensource.org/licenses/BSD-3-Clause;https://opensource.org/licenses/ISC;https://spdx.org/licenses/BSD-3-Clause.html;https://spdx.org/licenses/BSD-4-Clause.html;https://spdx.org/licenses/ISC.html;https://spdx.org/licenses/curl.html;https://www.eclipse.org/org/documents/edl-v10.php;https://www.isc.org/downloads/software-support-policy/isc-license/;https://www.isc.org/licenses/,/usr/share/doc/curl/copyright
deb:dash@0.5.11+git20200708+dd9ef66-5,dash,deb,0.5.11+git20200708+dd9ef66-5,BSD-3-Clause OR Expat OR FSFUL OR FSFULLR OR GPL-2.0-only OR GPL-2.0-or-later OR public-domain,https://fedoraproject.org/wiki/Licensing/FSF_Unlimited_License;https://fedoraproject.org/wiki/Licensing/FSF_Unlimited_License#License_Retention_Variant;https://github.com/openjdk/jdk/blob/6162e2c5213c5dd7c1127fd9616b543efa898962/LICENSE;https://opensource.org/licenses/BSD-3-Clause;https://opensource.org/licenses/GPL-2.0;https://spdx.org/licenses/BSD-3-Clause.html;https://spdx.org/licenses/FSFUL.html;https://spdx.org/licenses/FSFULLR.html;https://spdx.org/licenses/GPL-2.0-only.html;https://spdx.org/licenses/GPL-2.0-or-later.html;https://www.eclipse.org/org/documents/edl-v10.php;https://www.gnu.org/licenses/old-licenses/gpl-2.0-standalone.html;https://www.gnu.org/licenses/old-licenses/gpl-2.0.txt,/usr/share/doc/dash/copyright
deb:debconf@1.5.77,debconf,deb,1.5.77,BSD-2-Clause,https://opensource.org/licenses/BSD-2-Clause;https://spdx.org/licenses/BSD-2-Clause.html,/usr/share/doc/debconf/copyright
deb:debian-archive-keyring@2021.1.1+deb11u1,debian-archive-keyring,deb,2021.1.1+deb11u1,GPL-2.0-or-later,https://github.com/openjdk/jdk/blob/6162e2c5213c5dd7c1127fd9616b543efa898962/LICENSE;https://opensource.org/licenses/GPL-2.0;https://spdx.org/licenses/GPL-2.0-or-later.html;https://www.gnu.org/licenses/old-licenses/gpl-2.0-standalone.html,/usr/share/doc/debian-archive-keyring/copyright
deb:debianutils@4.11.2,debianutils,deb,4.11.2,"","",""
deb:diffutils@1:3.7-5,diffutils,deb,1:3.7-5,GPL-3.0-or-later,https://opensource.org/licenses/GPL-3.0;https://spdx.org/licenses/GPL-3.0-or-later.html;https://www.gnu.org/licenses/gpl-3.0-standalone.html,/usr/share/doc/diffutils/copyright
deb:dpkg@1.20.13,dpkg,deb,1.20.13,BSD-2-Clause OR GPL-2.0-only OR GPL-2.0-or-later OR public-domain-md5 OR public-domain-s-s-d,https://github.com/openjdk/jdk/blob/6162e2c5213c5dd7c1127fd9616b543efa898962/LICENSE;https://opensource.org/licenses/BSD-2-Clause;https://opensource.org/licenses/GPL-2.0;https://spdx.org/licenses/BSD-2-Clause.html;https://spdx.org/licenses/GPL-2.0-only.html;https://spdx.org/licenses/GPL-2.0-or-later.html;https://www.gnu.org/licenses/old-licenses/gpl-2.0-standalone.html;https://www.gnu.org/licenses/old-licenses/gpl-2.0.txt,/usr/share/doc/dpkg/copyright
deb:e2fsprogs@1.46.2-2+deb11u1,e2fsprogs,deb,1.46.2-2+deb11u1,"","",""
deb:findutils@4.8.0-1,findutils,deb,4.8.0-1,GPL-3.0-or-later,https://opensource.org/licenses/GPL-3.0;https://spdx.org/licenses/GPL-3.0-or-later.html;https://www.gnu.org/licenses/gpl-3.0-standalone.html,/usr/share/doc/findutils/copyright
deb:gcc-10-base@10.2.1-6,gcc-10-base,deb,10.2.1-6,BSD-2-Clause OR BSD-3-Clause OR BSD-4-Clause-UC OR GPL-2.0-or-later OR GPL-3.0-or-later OR HPND OR LGPL-2.0-or-later OR LGPL-2.1-or-later OR MIT OR NCSA OR Spencer-94 OR Unicode-DFS-2015 OR Zlib,http://lists.opensource.org/pipermail/license-discuss_lists.opensource.org/2002-November/006304.html;http://opensource.org/licenses/MIT;http://otm.illinois.edu/uiuc_openSource;http://www.freebsd.org/copyright/license.html;http://www.zlib.net/zlib_license.html;https://fedoraproject.org/wiki/Licensing/Henry_Spencer_Reg-Ex_Library_License;https://github.com/openjdk/jdk/blob/6162e2c5213c5dd7c1127fd9616b543efa898962/LICENSE;https://metacpan.org/release/KNOK/File-MMagic-1.30/source/COPYING#L28;https://opensource.org/license/mit/;https://opensource.org/licenses/BSD-2-Clause;https://opensource.org/licenses/BSD-3-Clause;https://opensource.org/licenses/GPL-2.0;https://opensource.org/licenses/GPL-3.0;https://opensource.org/licenses/HPND;https://opensource.org/licenses/LGPL-2.1;https://opensource.org/licenses/NCSA;https://opensource.org/licenses/Zlib;https://spdx.org/licenses/BSD-2-Clause.html;https://spdx.org/licenses/BSD-3-Clause.html;https://spdx.org/licenses/BSD-4-Clause-UC.html;https://spdx.org/licenses/GPL-2.0-or-later.html;https://spdx.org/licenses/GPL-3.0-or-later.html;https://spdx.org/licenses/HPND.html;https://spdx.org/licenses/LGPL-2.0-or-later.html;https://spdx.org/licenses/LGPL-2.1-or-later.html;https://spdx.org/licenses/MIT.html;https://spdx.org/licenses/NCSA.html;https://spdx.org/licenses/Spencer-94.html;https://spdx.org/licenses/Unicode-DFS-2015.html;https://spdx.org/licenses/Zlib.html;https://web.archive.org/web/20151224134844/http://unicode.org/copyright.html;https://www.eclipse.org/org/documents/edl-v10.php;https://www.gnu.org/licenses/gpl-3.0-standalone.html;https://www.gnu.org/licenses/old-licenses/gpl-2.0-standalone.html;https://www.gnu.org/licenses/old-licenses/lgpl-2.0-standalone.html;https://www.gnu.org/licenses/old-licenses/lgpl-2.1-standalone.html,/usr/share/doc/gcc-10-base/copyright
deb:gcc-9-base@9.3.0-22,gcc-9-base,deb,9.3.0-22,BSD-2-Clause OR BSD-3-Clause OR BSD-4-Clause-UC OR GPL-2.0-or-later OR GPL-3.0-or-later OR HPND OR LGPL-2.0-or-later OR LGPL-2.1-or-later OR MIT OR NCSA OR Spencer-94 OR Zlib,http://lists.opensource.org/pipermail/license-discuss_lists.opensource.org/2002-November/006304.html;http://opensource.org/licenses/MIT;http://otm.illinois.edu/uiuc_openSource;http://www.freebsd.org/copyright/license.html;http://www.zlib.net/zlib_license.html;https://fedoraproject.org/wiki/Licensing/Henry_Spencer_Reg-Ex_Library_License;https://github.com/openjdk/jdk/blob/6162e2c5213c5dd7c1127fd9616b543efa898962/LICENSE;https://metacpan.org/release/KNOK/File-MMagic-1.30/source/COPYING#L28;https://opensource.org/license/mit/;https://opensource.org/licenses/BSD-2-Clause;https://opensource.org/licenses/BSD-3-Clause;https://opensource.org/licenses/GPL-2.0;https://opensource.org/licenses/GPL-3.0;https://opensource.org/licenses/HPND;https://opensource.org/licenses/LGPL-2.1;https://opensource.org/licenses/NCSA;https://opensource.org/licenses/Zlib;https://spdx.org/licenses/BSD-2-Clause.html;https://spdx.org/licenses/BSD-3-Clause.html;https://spdx.org/licenses/BSD-4-Clause-UC.html;https://spdx.org/licenses/GPL-2.0-or-later.html;https://spdx.org/licenses/GPL-3.0-or-later.html;https://spdx.org/licenses/HPND.html;https://spdx.org/licenses/LGPL-2.0-or-later.html;https://spdx.org/licenses/LGPL-2.1-or-later.html;https://spdx.org/licenses/MIT.html;https://spdx.org/licenses/NCSA.html;https://spdx.org/licenses/Spencer-94.html;https://spdx.org/licenses/Zlib.html;https://www.eclipse.org/org/documents/edl-v10.php;https://www.gnu.org/licenses/gpl-3.0-standalone.html;https://www.gnu.org/licenses/old-licenses/gpl-2.0-standalone.html;https://www.gnu.org/licenses/old-licenses/lgpl-2.0-standalone.html;https://www.gnu.org/licenses/old-licenses/lgpl-2.1-standalone.html,/usr/share/doc/gcc-9-base/copyright
deb:gpgv@2.2.27-2+deb11u2,gpgv,deb,2.2.27-2+deb11u2,BSD-3-Clause OR CC0-1.0 OR Expat OR GPL-3.0-only OR GPL-3.0-or-later OR LGPL-2.1-only OR LGPL-2.1-or-later OR LGPL-3.0-only OR LGPL-3.0-or-later OR RFC-Reference OR TinySCHEME OR permissive,https://creativecommons.org/publicdomain/zero/1.0/legalcode;https://opensource.org/licenses/BSD-3-Clause;https://opensource.org/licenses/GPL-3.0;https://opensource.org/licenses/LGPL-2.1;https://opensource.org/licenses/LGPL-3.0;https://spdx.org/licenses/BSD-3-Clause.html;https://spdx.org/licenses/CC0-1.0.html;https://spdx.org/licenses/GPL-3.0-only.html;https://spdx.org/licenses/GPL-3.0-or-later.html;https://spdx.org/licenses/LGPL-2.1-only.html;https://spdx.org/licenses/LGPL-2.1-or-later.html;https://spdx.org/licenses/LGPL-3.0-only.html;https://spdx.org/licenses/LGPL-3.0-or-later.html;https://www.eclipse.org/org/documents/edl-v10.php;https://www.gnu.org/licenses/gpl-3.0-standalone.html;https://www.gnu.org/licenses/lgpl+gpl-3.0.txt;https://www.gnu.org/licenses/lgpl-3.0-standalone.html;https://www.gnu.org/licenses/old-licenses/lgpl-2.1-standalone.html,/usr/share/doc/gpgv/copyright
deb:grep@3.6-1+deb11u1,grep,deb,3.6-1+deb11u1,GPL-3.0-only OR GPL-3.0-or-later,https://opensource.org/licenses/GPL-3.0;https://spdx.org/licenses/GPL-3.0-only.html;https://spdx.org/licenses/GPL-3.0-or-later.html;https://www.gnu.org/licenses/gpl-3.0-standalone.html,/usr/share/doc/grep/copyright
deb:gzip@1.10-4+deb11u1,gzip,deb,1.10-4+deb11u1,FSF-manpages OR GFDL-1.3+-no-invariant OR GFDL-3 OR GPL-3.0-only OR GPL-3.0-or-later,https://opensource.org/licenses/GPL-3.0;https://spdx.org/licenses/GPL-3.0-only.html;https://spdx.org/licenses/GPL-3.0-or-later.html;https://www.gnu.org/licenses/gpl-3.0-standalone.html,/usr/share/doc/gzip/copyright
deb:hostname@3.23,hostname,deb,3.23,GPL-2.0-only,https://github.com/openjdk/jdk/blob/6162e2c5213c5dd7c1127fd9616b543efa898962/LICENSE;https://opensource.org/licenses/GPL-2.0;https://spdx.org/licenses/GPL-2.0-only.html;https://www.gnu.org/licenses/old-licenses/gpl-2.0-standalone.html;https://www.gnu.org/licenses/old-licenses/gpl-2.0.txt,/usr/share/doc/hostname/copyright
deb:inetutils-ping@2:2.0-1+deb11u4,inetutils-ping,deb,2:2.0-1+deb11u4,BSD-3-Clause OR GFDL-1.3-only OR GFDL-1.3-or-later OR GPL-3.0-only OR GPL-3.0-or-later OR MIT OR Wietse,http://opensource.org/licenses/MIT;https://opensource.org/license/mit/;https://opensource.org/licenses/BSD-3-Clause;https://opensource.org/licenses/GPL-3.0;https://spdx.org/licenses/BSD-3-Clause.html;https://spdx.org/licenses/GFDL-1.3-only.html;https://spdx.org/licenses/GFDL-1.3-or-later.html;https://spdx.org/licenses/GPL-3.0-only.html;https://spdx.org/licenses/GPL-3.0-or-later.html;https://spdx.org/licenses/MIT.html;https://www.eclipse.org/org/documents/edl-v10.php;https://www.gnu.org/licenses/fdl-1.3.txt;https://www.gnu.org/licenses/gpl-3.0-standalone.html,/usr/share/doc/inetutils-ping/copyright
deb:init-system-helpers@1.60,init-system-helpers,deb,1.60,BSD-3-Clause OR GPL-2.0-only OR GPL-2.0-or-later,https://github.com/openjdk/jdk/blob/6162e2c5213c5dd7c1127fd9616b543efa898962/LICENSE;https://opensource.org/licenses/BSD-3-Clause;https://opensource.org/licenses/GPL-2.0;https://spdx.org/licenses/BSD-3-Clause.html;https://spdx.org/licenses/GPL-2.0-only.html;https://spdx.org/licenses/GPL-2.0-or-later.html;https://www.eclipse.org/org/documents/edl-v10.php;https://www.gnu.org/licenses/old-licenses/gpl-2.0-standalone.html;https://www.gnu.org/licenses/old-licenses/gpl-2.0.txt,/usr/share/doc/init-system-helpers/copyright
deb:libacl1@2.2.53-10,libacl1,deb,2.2.53-10,GPL-2.0-only OR GPL-2.0-or-later OR LGPL-2.0-or-later OR LGPL-2.1-only,https://github.com/openjdk/jdk/blob/6162e2c5213c5dd7c1127fd9616b543efa898962/LICENSE;https://opensource.org/licenses/GPL-2.0;https://opensource.org/licenses/LGPL-2.1;https://spdx.org/licenses/GPL-2.0-only.html;https://spdx.org/licenses/GPL-2.0-or-later.html;https://spdx.org/licenses/LGPL-2.0-or-later.html;https://spdx.org/licenses/LGPL-2.1-only.html;https://www.gnu.org/licenses/old-licenses/gpl-2.0-standalone.html;https://www.gnu.org/licenses/old-licenses/gpl-2.0.txt;https://www.gnu.org/licenses/old-licenses/lgpl-2.0-standalone.html;https://www.gnu.org/licenses/old-licenses/lgpl-2.1-standalone.html,/usr/share/doc/libacl1/copyright
deb:libapt-pkg6.0@2.2.4,libapt-pkg6.0,deb,2.2.4,GPL-2.0-or-later,https://github.com/openjdk/jdk/blob/6162e2c5213c5dd7c1127fd9616b543efa898962/LICENSE;https://opensource.org/licenses/GPL-2.0;https://spdx.org/licenses/GPL-2.0-or-later.html;https://www.gnu.org/licenses/old-licenses/gpl-2.0-standalone.html,/usr/share/doc/libapt-pkg6.0/copyright
deb:libattr1@1:2.4.48-6,libattr1,deb,1:2.4.48-6,GPL-2.0-only OR GPL-2.0-or-later OR LGPL-2.0-or-later OR LGPL-2.1-only,https://github.com/openjdk/jdk/blob/6162e2c5213c5dd7c1127fd9616b543efa898962/LICENSE;https://opensource.org/licenses/GPL-2.0;https://opensource.org/licenses/LGPL-2.1;https://spdx.org/licenses/GPL-2.0-only.html;https://spdx.org/licenses/GPL-2.0-or-later.html;https://spdx.org/licenses/LGPL-2.0-or-later.html;https://spdx.org/licenses/LGPL-2.1-only.html;https://www.gnu.org/licenses/old-licenses/gpl-2.0-standalone.html;https://www.gnu.org/licenses/old-licenses/gpl-2.0.txt;https://www.gnu.org/licenses/old-licenses/lgpl-2.0-standalone.html;https://www.gnu.org/licenses/old-licenses/lgpl-2.1-standalone.html,/usr/share/doc/libattr1/copyright
deb:libaudit-common@1:3.0-2,libaudit-common,deb,1:3.0-2,GPL-1.0-only OR GPL-2.0-only OR LGPL-2.1-only,https://github.com/openjdk/jdk/blob/6162e2c5213c5dd7c1127fd9616b543efa898962/LICENSE;https://opensource.org/licenses/GPL-2.0;https://opensource.org/licenses/LGPL-2.1;https://spdx.org/licenses/GPL-1.0-only.html;https://spdx.org/licenses/GPL-2.0-only.html;https://spdx.org/licenses/LGPL-2.1-only.html;https://www.gnu.org/licenses/old-licenses/gpl-1.0-standalone.html;https://www.gnu.org/licenses/old-licenses/gpl-2.0-standalone.html;https://www.gnu.org/licenses/old-licenses/gpl-2.0.txt;https://www.gnu.org/licenses/old-licenses/lgpl-2.1-standalone.html,/usr/share/doc/libaudit-common/copyright
deb:libaudit1@1:3.0-2,libaudit1,deb,1:3.0-2,GPL-1.0-only OR GPL-2.0-only OR LGPL-2.1-only,https://github.com/openjdk/jdk/blob/6162e2c5213c5dd7c1127fd9616b543efa898962/LICENSE;https://opensource.org/licenses/GPL-2.0;https://opensource.org/licenses/LGPL-2.1;https://spdx.org/licenses/GPL-1.0-only.html;https://spdx.org/licenses/GPL-2.0-only.html;https://spdx.org/licenses/LGPL-2.1-only.html;https://www.gnu.org/licenses/old-licenses/gpl-1.0-standalone.html;https://www.gnu.org/licenses/old-licenses/gpl-2.0-standalone.html;https://www.gnu.org/licenses/old-licenses/gpl-2.0.txt;https://www.gnu.org/licenses/old-licenses/lgpl-2.1-standalone.html,/usr/share/doc/libaudit1/copyright
deb:libblkid1@2.36.1-8+deb11u2,libblkid1,deb,2.36.1-8+deb11u2,BSD-2-Clause OR BSD-3-Clause OR BSD-4-Clause OR GPL-2.0-only OR GPL-2.0-or-later OR GPL-3.0-only OR GPL-3.0-or-later OR LGPL OR LGPL-2.0-only OR LGPL-2.0-or-later OR LGPL-2.1-only OR LGPL-2.1-or-later OR LGPL-3.0-only OR LGPL-3.0-or-later OR MIT OR public-domain,http://directory.fsf.org/wiki/License:BSD_4Clause;http://opensource.org/licenses/MIT;https://github.com/openjdk/jdk/blob/6162e2c5213c5dd7c1127fd9616b543efa898962/LICENSE;https://opensource.org/license/mit/;https://opensource.org/licenses/BSD-2-Clause;https://opensource.org/licenses/BSD-3-Clause;https://opensource.org/licenses/GPL-2.0;https://opensource.org/licenses/GPL-3.0;https://opensource.org/licenses/LGPL-2.1;https://opensource.org/licenses/LGPL-3.0;https://spdx.org/licenses/BSD-2-Clause.html;https://spdx.org/licenses/BSD-3-Clause.html;https://spdx.org/licenses/BSD-4-Clause.html;https://spdx.org/licenses/GPL-2.0-only.html;https://spdx.org/licenses/GPL-2.0-or-later.html;https://spdx.org/licenses/GPL-3.0-only.html;https://spdx.org/licenses/GPL-3.0-or-later.html;https://spdx.org/licenses/LGPL-2.0-only.html;https://spdx.org/licenses/LGPL-2.0-or-later.html;https://spdx.org/licenses/LGPL-2.1-only.html;https://spdx.org/licenses/LGPL-2.1-or-later.html;https://spdx.org/licenses/LGPL-3.0-only.html;https://spdx.org/licenses/LGPL-3.0-or-later.html;https://spdx.org/licenses/MIT.html;https://www.eclipse.org/org/documents/edl-v10.php;https://www.gnu.org/licenses/gpl-3.0-standalone.html;https://www.gnu.org/licenses/lgpl+gpl-3.0.txt;https://www.gnu.org/licenses/lgpl-3.0-standalone.html;https://www.gnu.org/licenses/old-licenses/gpl-2.0-standalone.html;https://www.gnu.org/licenses/old-licenses/gpl-2.0.txt;https://www.gnu.org/licenses/old-licenses/lgpl-2.0-standalone.html;https://www.gnu.org/licenses/old-licenses/lgpl-2.1-standalone.html,/usr/share/doc/libblkid1/copyright
deb:libbrotli1@1.0.9-2+b2,libbrotli1,deb,1.0.9-2+b2,MIT,http://opensource.org/licenses/MIT;https://opensource.org/license/mit/;https://spdx.org/licenses/MIT.html,/usr/share/doc/libbrotli1/copyright
deb:libbz2-1.0@1.0.8-4,libbz2-1.0,deb,1.0.8-4,BSD-variant OR GPL-2.0-only,https://github.com/openjdk/jdk/blob/6162e2c5213c5dd7c1127fd9616b543efa898962/LICENSE;https://opensource.org/licenses/GPL-2.0;https://spdx.org/licenses/GPL-2.0-only.html;https://www.gnu.org/licenses/old-licenses/gpl-2.0-standalone.html;https://www.gnu.org/licenses/old-licenses/gpl-2.0.txt,/usr/share/doc/libbz2-1.0/copyright
deb:libc-bin@2.31-13+deb11u13,libc-bin,deb,2.31-13+deb11u13,BSD-3-Clause OR GPL-2.0-only OR HPND OR ISC OR LGPL-2.1-or-later OR Spencer-94,http://lists.opensource.org/pipermail/license-discuss_lists.opensource.org/2002-November/006304.html;https://fedoraproject.org/wiki/Licensing/Henry_Spencer_Reg-Ex_Library_License;https://github.com/openjdk/jdk/blob/6162e2c5213c5dd7c1127fd9616b543efa898962/LICENSE;https://metacpan.org/release/KNOK/File-MMagic-1.30/source/COPYING#L28;https://opensource.org/licenses/BSD-3-Clause;https://opensource.org/licenses/GPL-2.0;https://opensource.org/licenses/HPND;https://opensource.org/licenses/ISC;https://opensource.org/licenses/LGPL-2.1;https://spdx.org/licenses/BSD-3-Clause.html;https://spdx.org/licenses/GPL-2.0-only.html;https://spdx.org/licenses/HPND.html;https://spdx.org/licenses/ISC.html;https://spdx.org/licenses/LGPL-2.1-or-later.html;https://spdx.org/licenses/Spencer-94.html;https://www.eclipse.org/org/documents/edl-v10.php;https://www.gnu.org/licenses/old-licenses/gpl-2.0-standalone.html;https://www.gnu.org/licenses/old-licenses/gpl-2.0.txt;https://www.gnu.org/licenses/old-licenses/lgpl-2.1-standalone.html;https://www.isc.org/downloads/software-support-policy/isc-license/;https://www.isc.org/licenses/,/usr/share/doc/libc-bin/copyright
deb:libc6@2.31-13+deb11u13,libc6,deb,2.31-13+deb11u13,BSD-3-Clause OR GPL-2.0-only OR HPND OR ISC OR LGPL-2.1-or-later OR Spencer-94,http://lists.opensource.org/pipermail/license-discuss_lists.opensource.org/2002-November/006304.html;https://fedoraproject.org/wiki/Licensing/Henry_Spencer_Reg-Ex_Library_License;https://github.com/openjdk/jdk/blob/6162e2c5213c5dd7c1127fd9616b543efa898962/LICENSE;https://metacpan.org/release/KNOK/File-MMagic-1.30/source/COPYING#L28;https://opensource.org/licenses/BSD-3-Clause;https://opensource.org/licenses/GPL-2.0;https://opensource.org/licenses/HPND;https://opensource.org/licenses/ISC;https://opensource.org/licenses/LGPL-2.1;https://spdx.org/licenses/BSD-3-Clause.html;https://spdx.org/licenses/GPL-2.0-only.html;https://spdx.org/licenses/HPND.html;https://spdx.org/licenses/ISC.html;https://spdx.org/licenses/LGPL-2.1-or-later.html;https://spdx.org/licenses/Spencer-94.html;https://www.eclipse.org/org/documents/edl-v10.php;https://www.gnu.org/licenses/old-licenses/gpl-2.0-standalone.html;https://www.gnu.org/licenses/old-licenses/gpl-2.0.txt;https://www.gnu.org/licenses/old-licenses/lgpl-2.1-standalone.html;https://www.isc.org/downloads/software-support-policy/isc-license/;https://www.isc.org/licenses/,/usr/share/doc/libc6/copyright
deb:libcap-ng0@0.7.9-2.2+b1,libcap-ng0,deb,0.7.9-2.2+b1,LGPL-2.1-or-later,https://opensource.org/licenses/LGPL-2.1;https://spdx.org/licenses/LGPL-2.1-or-later.html;https://www.gnu.org/licenses/old-licenses/lgpl-2.1-standalone.html,/usr/share/doc/libcap-ng0/copyright
deb:libcom-err2@1.46.2-2+deb11u1,libcom-err2,deb,1.46.2-2+deb11u1,HPND,http://lists.opensource.org/pipermail/license-discuss_lists.opensource.org/2002-November/006304.html;https://opensource.org/licenses/HPND;https://spdx.org/licenses/HPND.html,/usr/share/doc/libcom-err2/copyright
deb:libcrypt1@1:4.4.18-4,libcrypt1,deb,1:4.4.18-4,"","",""
deb:libcurl4@7.74.0-1.3+deb11u16,libcurl4,deb,7.74.0-1.3+deb11u16,BSD-3-Clause OR BSD-4-Clause OR ISC OR curl OR other OR public-domain,http://directory.fsf.org/wiki/License:BSD_4Clause;https://github.com/bagder/curl/blob/master/COPYING;https://opensource.org/licenses/BSD-3-Clause;https://opensource.org/licenses/ISC;https://spdx.org/licenses/BSD-3-Clause.html;https://spdx.org/licenses/BSD-4-Clause.html;https://spdx.org/licenses/ISC.html;https://spdx.org/licenses/curl.html;https://www.eclipse.org/org/documents/edl-v10.php;https://www.isc.org/downloads/software-support-policy/isc-license/;https://www.isc.org/licenses/,/usr/share/doc/libcurl4/copyright
deb:libdb5.3@5.3.28+dfsg1-0.8,libdb5.3,deb,5.3.28+dfsg1-0.8,BSD-3-Clause,https://opensource.org/licenses/BSD-3-Clause;https://spdx.org/licenses/BSD-3-Clause.html;https://www.eclipse.org/org/documents/edl-v10.php,/usr/share/doc/libdb5.3/copyright
deb:libdebconfclient0@0.260,libdebconfclient0,deb,0.260,BSD-2-Clause,https://opensource.org/licenses/BSD-2-Clause;https://spdx.org/licenses/BSD-2-Clause.html,/usr/share/doc/libdebconfclient0/copyright
deb:libext2fs2@1.46.2-2+deb11u1,libext2fs2,deb,1.46.2-2+deb11u1,"","",""
deb:libffi7@3.3-6,libffi7,deb,3.3-6,MIT,http://opensource.org/licenses/MIT;https://opensource.org/license/mit/;https://spdx.org/licenses/MIT.html,/usr/share/doc/libffi7/copyright
deb:libgcc-s1@10.2.1-6,libgcc-s1,deb,10.2.1-6,BSD-2-Clause OR BSD-3-Clause OR BSD-4-Clause-UC OR GPL-2.0-or-later OR GPL-3.0-or-later OR HPND OR LGPL-2.0-or-later OR LGPL-2.1-or-later OR MIT OR NCSA OR Spencer-94 OR Unicode-DFS-2015 OR Zlib,http://lists.opensource.org/pipermail/license-discuss_lists.opensource.org/2002-November/006304.html;http://opensource.org/licenses/MIT;http://otm.illinois.edu/uiuc_openSource;http://www.freebsd.org/copyright/license.html;http://www.zlib.net/zlib_license.html;https://fedoraproject.org/wiki/Licensing/Henry_Spencer_Reg-Ex_Library_License;https://github.com/openjdk/jdk/blob/6162e2c5213c5dd7c1127fd9616b543efa898962/LICENSE;https://metacpan.org/release/KNOK/File-MMagic-1.30/source/COPYING#L28;https://opensource.org/license/mit/;https://opensource.org/licenses/BSD-2-Clause;https://opensource.org/licenses/BSD-3-Clause;https://opensource.org/licenses/GPL-2.0;https://opensource.org/licenses/GPL-3.0;https://opensource.org/licenses/HPND;https://opensource.org/licenses/LGPL-2.1;https://opensource.org/licenses/NCSA;https://opensource.org/licenses/Zlib;https://spdx.org/licenses/BSD-2-Clause.html;https://spdx.org/licenses/BSD-3-Clause.html;https://spdx.org/licenses/BSD-4-Clause-UC.html;https://spdx.org/licenses/GPL-2.0-or-later.html;https://spdx.org/licenses/GPL-3.0-or-later.html;https://spdx.org/licenses/HPND.html;https://spdx.org/licenses/LGPL-2.0-or-later.html;https://spdx.org/licenses/LGPL-2.1-or-later.html;https://spdx.org/licenses/MIT.html;https://spdx.org/licenses/NCSA.html;https://spdx.org/licenses/Spencer-94.html;https://spdx.org/licenses/Unicode-DFS-2015.html;https://spdx.org/licenses/Zlib.html;https://web.archive.org/web/20151224134844/http://unicode.org/copyright.html;https://www.eclipse.org/org/documents/edl-v10.php;https://www.gnu.org/licenses/gpl-3.0-standalone.html;https://www.gnu.org/licenses/old-licenses/gpl-2.0-standalone.html;https://www.gnu.org/licenses/old-licenses/lgpl-2.0-standalone.html;https://www.gnu.org/licenses/old-licenses/lgpl-2.1-standalone.html,/usr/share/doc/gcc-10-base/copyright
deb:libgcrypt20@1.8.7-6,libgcrypt20,deb,1.8.7-6,BSD-3-Clause OR LGPL-2.1-or-later OR MIT,http://opensource.org/licenses/MIT;https://opensource.org/license/mit/;https://opensource.org/licenses/BSD-3-Clause;https://opensource.org/licenses/LGPL-2.1;https://spdx.org/licenses/BSD-3-Clause.html;https://spdx.org/licenses/LGPL-2.1-or-later.html;https://spdx.org/licenses/MIT.html;https://www.eclipse.org/org/documents/edl-v10.php;https://www.gnu.org/licenses/old-licenses/lgpl-2.1-standalone.html,/usr/share/doc/libgcrypt20/copyright
deb:libgdbm6@1.19-2,libgdbm6,deb,1.19-2,GFDL-NIV-1.3+ OR GPL-2.0-only OR GPL-2.0-or-later OR GPL-3.0-only OR GPL-3.0-or-later,https://github.com/openjdk/jdk/blob/6162e2c5213c5dd7c1127fd9616b543efa898962/LICENSE;https://opensource.org/licenses/GPL-2.0;https://opensource.org/licenses/GPL-3.0;https://spdx.org/licenses/GPL-2.0-only.html;https://spdx.org/licenses/GPL-2.0-or-later.html;https://spdx.org/licenses/GPL-3.0-only.html;https://spdx.org/licenses/GPL-3.0-or-later.html;https://www.gnu.org/licenses/gpl-3.0-standalone.html;https://www.gnu.org/licenses/old-licenses/gpl-2.0-standalone.html;https://www.gnu.org/licenses/old-licenses/gpl-2.0.txt,/usr/share/doc/libgdbm6/copyright
deb:libgmp10@2:6.2.1+dfsg-1+deb11u1,libgmp10,deb,2:6.2.1+dfsg-1+deb11u1,"","",""
deb:libgnutls30@3.7.1-5+deb11u7,libgnutls30,deb,3.7.1-5+deb11u7,Apache-2.0 OR BSD-2-Clause OR BSD-3-Clause OR CC0-1.0 OR GPL-3.0-or-later OR ISC OR LGPL-2.1-or-later OR MIT,http://opensource.org/licenses/MIT;https://creativecommons.org/publicdomain/zero/1.0/legalcode;https://opensource.org/license/apache-2-0;https://opensource.org/license/mit/;https://opensource.org/licenses/Apache-2.0;https://opensource.org/licenses/BSD-2-Clause;https://opensource.org/licenses/BSD-3-Clause;https://opensource.org/licenses/GPL-3.0;https://opensource.org/licenses/ISC;https://opensource.org/licenses/LGPL-2.1;https://spdx.org/licenses/Apache-2.0.html;https://spdx.org/licenses/BSD-2-Clause.html;https://spdx.org/licenses/BSD-3-Clause.html;https://spdx.org/licenses/CC0-1.0.html;https://spdx.org/licenses/GPL-3.0-or-later.html;https://spdx.org/licenses/ISC.html;https://spdx.org/licenses/LGPL-2.1-or-later.html;https://spdx.org/licenses/MIT.html;https://www.apache.org/licenses/LICENSE-2.0;https://www.eclipse.org/org/documents/edl-v10.php;https://www.gnu.org/licenses/gpl-3.0-standalone.html;https://www.gnu.org/licenses/old-licenses/lgpl-2.1-standalone.html;https://www.isc.org/downloads/software-support-policy/isc-license/;https://www.isc.org/licenses/,/usr/share/doc/libgnutls30/copyright
deb:libgpg-error0@1.38-2,libgpg-error0,deb,1.38-2,BSD-3-Clause OR GPL-3.0-only OR GPL-3.0-or-later OR LGPL-2.1-only OR LGPL-2.1-or-later OR g10-permissive,https://opensource.org/licenses/BSD-3-Clause;https://opensource.org/licenses/GPL-3.0;https://opensource.org/licenses/LGPL-2.1;https://spdx.org/licenses/BSD-3-Clause.html;https://spdx.org/licenses/GPL-3.0-only.html;https://spdx.org/licenses/GPL-3.0-or-later.html;https://spdx.org/licenses/LGPL-2.1-only.html;https://spdx.org/licenses/LGPL-2.1-or-later.html;https://www.eclipse.org/org/documents/edl-v10.php;https://www.gnu.org/licenses/gpl-3.0-standalone.html;https://www.gnu.org/licenses/old-licenses/lgpl-2.1-standalone.html,/usr/share/doc/libgpg-error0/copyright
deb:libgssapi-krb5-2@1.18.3-6+deb11u7,libgssapi-krb5-2,deb,1.18.3-6+deb11u7,BSD-2-Clause OR BSD-3-Clause OR BSD-4-Clause OR BSD-4-Clause-UC OR CC-BY-SA-3.0 OR HPND OR ISC OR MIT OR OLDAP-2.8 OR RSA-MD,http://directory.fsf.org/wiki/License:BSD_4Clause;http://lists.opensource.org/pipermail/license-discuss_lists.opensource.org/2002-November/006304.html;http://opensource.org/licenses/MIT;http://www.faqs.org/rfcs/rfc1321.html;http://www.freebsd.org/copyright/license.html;http://www.openldap.org/software/release/license.html;https://creativecommons.org/licenses/by-sa/3.0/legalcode;https://opensource.org/license/mit/;https://opensource.org/licenses/BSD-2-Clause;https://opensource.org/licenses/BSD-3-Clause;https://opensource.org/licenses/HPND;https://opensource.org/licenses/ISC;https://spdx.org/licenses/BSD-2-Clause.html;https://spdx.org/licenses/BSD-3-Clause.html;https://spdx.org/licenses/BSD-4-Clause-UC.html;https://spdx.org/licenses/BSD-4-Clause.html;https://spdx.org/licenses/CC-BY-SA-3.0.html;https://spdx.org/licenses/HPND.html;https://spdx.org/licenses/ISC.html;https://spdx.org/licenses/MIT.html;https://spdx.org/licenses/OLDAP-2.8.html;https://spdx.org/licenses/RSA-MD.html;https://www.eclipse.org/org/documents/edl-v10.php;https://www.isc.org/downloads/software-support-policy/isc-license/;https://www.isc.org/licenses/,/usr/share/doc/libgssapi-krb5-2/copyright
deb:libhogweed6@3.7.3-1,libhogweed6,deb,3.7.3-1,Expat OR GAP OR GPL OR GPL-2.0-only OR GPL-2.0-or-later OR GPL-3.0-or-later OR LGPL OR LGPL-2.0-only OR LGPL-2.0-or-later OR LGPL-3.0-or-later OR public-domain,https://github.com/openjdk/jdk/blob/6162e2c5213c5dd7c1127fd9616b543efa898962/LICENSE;https://opensource.org/licenses/GPL-2.0;https://opensource.org/licenses/GPL-3.0;https://opensource.org/licenses/LGPL-3.0;https://spdx.org/licenses/GPL-2.0-only.html;https://spdx.org/licenses/GPL-2.0-or-later.html;https://spdx.org/licenses/GPL-3.0-or-later.html;https://spdx.org/licenses/LGPL-2.0-only.html;https://spdx.org/licenses/LGPL-2.0-or-later.html;https://spdx.org/licenses/LGPL-3.0-or-later.html;https://www.gnu.org/licenses/gpl-3.0-standalone.html;https://www.gnu.org/licenses/lgpl+gpl-3.0.txt;https://www.gnu.org/licenses/lgpl-3.0-standalone.html;https://www.gnu.org/licenses/old-licenses/gpl-2.0-standalone.html;https://www.gnu.org/licenses/old-licenses/gpl-2.0.txt;https://www.gnu.org/licenses/old-licenses/lgpl-2.0-standalone.html,/usr/share/doc/libhogweed6/copyright
deb:libidn2-0@2.3.0-5,libidn2-0,deb,2.3.0-5,GPL-2.0-only OR GPL-2.0-or-later OR GPL-3.0-only OR GPL-3.0-or-later OR LGPL-3.0-only OR LGPL-3.0-or-later OR Unicode,https://github.com/openjdk/jdk/blob/6162e2c5213c5dd7c1127fd9616b543efa898962/LICENSE;https://opensource.org/licenses/GPL-2.0;https://opensource.org/licenses/GPL-3.0;https://opensource.org/licenses/LGPL-3.0;https://spdx.org/licenses/GPL-2.0-only.html;https://spdx.org/licenses/GPL-2.0-or-later.html;https://spdx.org/licenses/GPL-3.0-only.html;https://spdx.org/licenses/GPL-3.0-or-later.html;https://spdx.org/licenses/LGPL-3.0-only.html;https://spdx.org/licenses/LGPL-3.0-or-later.html;https://www.gnu.org/licenses/gpl-3.0-standalone.html;https://www.gnu.org/licenses/lgpl+gpl-3.0.txt;https://www.gnu.org/licenses/lgpl-3.0-standalone.html;https://www.gnu.org/licenses/old-licenses/gpl-2.0-standalone.html;https://www.gnu.org/licenses/old-licenses/gpl-2.0.txt,/usr/share/doc/libidn2-0/copyright
deb:libk5crypto3@1.18.3-6+deb11u7,libk5crypto3,deb,1.18.3-6+deb11u7,BSD-2-Clause OR BSD-3-Clause OR BSD-4-Clause OR BSD-4-Clause-UC OR CC-BY-SA-3.0 OR HPND OR ISC OR MIT OR OLDAP-2.8 OR RSA-MD,http://directory.fsf.org/wiki/License:BSD_4Clause;http://lists.opensource.org/pipermail/license-discuss_lists.opensource.org/2002-November/006304.html;http://opensource.org/licenses/MIT;http://www.faqs.org/rfcs/rfc1321.html;http://www.freebsd.org/copyright/license.html;http://www.openldap.org/software/release/license.html;https://creativecommons.org/licenses/by-sa/3.0/legalcode;https://opensource.org/license/mit/;https://opensource.org/licenses/BSD-2-Clause;https://opensource.org/licenses/BSD-3-Clause;https://opensource.org/licenses/HPND;https://opensource.org/licenses/ISC;https://spdx.org/licenses/BSD-2-Clause.html;https://spdx.org/licenses/BSD-3-Clause.html;https://spdx.org/licenses/BSD-4-Clause-UC.html;https://spdx.org/licenses/BSD-4-Clause.html;https://spdx.org/licenses/CC-BY-SA-3.0.html;https://spdx.org/licenses/HPND.html;https://spdx.org/licenses/ISC.html;https://spdx.org/licenses/MIT.html;https://spdx.org/licenses/OLDAP-2.8.html;https://spdx.org/licenses/RSA-MD.html;https://www.eclipse.org/org/documents/edl-v10.php;https://www.isc.org/downloads/software-support-policy/isc-license/;https://www.isc.org/licenses/,/usr/share/doc/libk5crypto3/copyright
deb:libkeyutils1@1.6.1-2,libkeyutils1,deb,1.6.1-2,GPL-2.0-only OR GPL-2.0-or-later OR LGPL-2.0-only OR LGPL-2.0-or-later,https://github.com/openjdk/jdk/blob/6162e2c5213c5dd7c1127fd9616b543efa898962/LICENSE;https://opensource.org/licenses/GPL-2.0;https://spdx.org/licenses/GPL-2.0-only.html;https://spdx.org/licenses/GPL-2.0-or-later.html;https://spdx.org/licenses/LGPL-2.0-only.html;https://spdx.org/licenses/LGPL-2.0-or-later.html;https://www.gnu.org/licenses/old-licenses/gpl-2.0-standalone.html;https://www.gnu.org/licenses/old-licenses/gpl-2.0.txt;https://www.gnu.org/licenses/old-licenses/lgpl-2.0-standalone.html,/usr/share/doc/libkeyutils1/copyright
deb:libkrb5-3@1.18.3-6+deb11u7,libkrb5-3,deb,1.18.3-6+deb11u7,BSD-2-Clause OR BSD-3-Clause OR BSD-4-Clause OR BSD-4-Clause-UC OR CC-BY-SA-3.0 OR HPND OR ISC OR MIT OR OLDAP-2.8 OR RSA-MD,http://directory.fsf.org/wiki/License:BSD_4Clause;http://lists.opensource.org/pipermail/license-discuss_lists.opensource.org/2002-November/006304.html;http://opensource.org/licenses/MIT;http://www.faqs.org/rfcs/rfc1321.html;http://www.freebsd.org/copyright/license.html;http://www.openldap.org/software/release/license.html;https://creativecommons.org/licenses/by-sa/3.0/legalcode;https://opensource.org/license/mit/;https://opensource.org/licenses/BSD-2-Clause;https://opensource.org/licenses/BSD-3-Clause;https://opensource.org/licenses/HPND;https://opensource.org/licenses/ISC;https://spdx.org/licenses/BSD-2-Clause.html;https://spdx.org/licenses/BSD-3-Clause.html;https://spdx.org/licenses/BSD-4-Clause-UC.html;https://spdx.org/licenses/BSD-4-Clause.html;https://spdx.org/licenses/CC-BY-SA-3.0.html;https://spdx.org/licenses/HPND.html;https://spdx.org/licenses/ISC.html;https://spdx.org/licenses/MIT.html;https://spdx.org/licenses/OLDAP-2.8.html;https://spdx.org/licenses/RSA-MD.html;https://www.eclipse.org/org/documents/edl-v10.php;https://www.isc.org/downloads/software-support-policy/isc-license/;https://www.isc.org/licenses/,/usr/share/doc/libkrb5-3/copyright
deb:libkrb5support0@1.18.3-6+deb11u7,libkrb5support0,deb,1.18.3-6+deb11u7,BSD-2-Clause OR BSD-3-Clause OR BSD-4-Clause OR BSD-4-Clause-UC OR CC-BY-SA-3.0 OR HPND OR ISC OR MIT OR OLDAP-2.8 OR RSA-MD,http://directory.fsf.org/wiki/License:BSD_4Clause;http://lists.opensource.org/pipermail/license-discuss_lists.opensource.org/2002-November/006304.html;http://opensource.org/licenses/MIT;http://www.faqs.org/rfcs/rfc1321.html;http://www.freebsd.org/copyright/license.html;http://www.openldap.org/software/release/license.html;https://creativecommons.org/licenses/by-sa/3.0/legalcode;https://opensource.org/license/mit/;https://opensource.org/licenses/BSD-2-Clause;https://opensource.org/licenses/BSD-3-Clause;https://opensource.org/licenses/HPND;https://opensource.org/licenses/ISC;https://spdx.org/licenses/BSD-2-Clause.html;https://spdx.org/licenses/BSD-3-Clause.html;https://spdx.org/licenses/BSD-4-Clause-UC.html;https://spdx.org/licenses/BSD-4-Clause.html;https://spdx.org/licenses/CC-BY-SA-3.0.html;https://spdx.org/licenses/HPND.html;https://spdx.org/licenses/ISC.html;https://spdx.org/licenses/MIT.html;https://spdx.org/licenses/OLDAP-2.8.html;https://spdx.org/licenses/RSA-MD.html;https://www.eclipse.org/org/documents/edl-v10.php;https://www.isc.org/downloads/software-support-policy/isc-license/;https://www.isc.org/licenses/,/usr/share/doc/libkrb5support0/copyright
deb:libldap-2.4-2@2.4.57+dfsg-3+deb11u1,libldap-2.4-2,deb,2.4.57+dfsg-3+deb11u1,BSD-4-Clause-UC OR HPND-sell-variant OR ISC,http://www.freebsd.org/copyright/license.html;https://git.kernel.org/pub/scm/linux/kernel/git/torvalds/linux.git/tree/net/sunrpc/auth_gss/gss_generic_token.c?h=v4.19;https://github.com/kfish/xsel/blob/master/COPYING;https://opensource.org/licenses/ISC;https://spdx.org/licenses/BSD-4-Clause-UC.html;https://spdx.org/licenses/HPND-sell-variant.html;https://spdx.org/licenses/ISC.html;https://www.isc.org/downloads/software-support-policy/isc-license/;https://www.isc.org/licenses/,/usr/share/doc/libldap-2.4-2/copyright
deb:liblz4-1@1.9.3-2,liblz4-1,deb,1.9.3-2,BSD-2-Clause OR GPL-2.0-only OR GPL-2.0-or-later,https://github.com/openjdk/jdk/blob/6162e2c5213c5dd7c1127fd9616b543efa898962/LICENSE;https://opensource.org/licenses/BSD-2-Clause;https://opensource.org/licenses/GPL-2.0;https://spdx.org/licenses/BSD-2-Clause.html;https://spdx.org/licenses/GPL-2.0-only.html;https://spdx.org/licenses/GPL-2.0-or-later.html;https://www.gnu.org/licenses/old-licenses/gpl-2.0-standalone.html;https://www.gnu.org/licenses/old-licenses/gpl-2.0.txt,/usr/share/doc/liblz4-1/copyright
deb:liblzma5@5.2.5-2.1~deb11u1,liblzma5,deb,5.2.5-2.1~deb11u1,Autoconf OR GPL-2.0-only OR GPL-2.0-or-later OR GPL-3.0-only OR LGPL-2.0-only OR LGPL-2.1-only OR LGPL-2.1-or-later OR PD OR PD-debian OR config-h OR noderivs OR permissive-fsf OR permissive-nowarranty OR probably-PD,https://github.com/openjdk/jdk/blob/6162e2c5213c5dd7c1127fd9616b543efa898962/LICENSE;https://opensource.org/licenses/GPL-2.0;https://opensource.org/licenses/GPL-3.0;https://opensource.org/licenses/LGPL-2.1;https://spdx.org/licenses/GPL-2.0-only.html;https://spdx.org/licenses/GPL-2.0-or-later.html;https://spdx.org/licenses/GPL-3.0-only.html;https://spdx.org/licenses/LGPL-2.0-only.html;https://spdx.org/licenses/LGPL-2.1-only.html;https://spdx.org/licenses/LGPL-2.1-or-later.html;https://www.gnu.org/licenses/gpl-3.0-standalone.html;https://www.gnu.org/licenses/old-licenses/gpl-2.0-standalone.html;https://www.gnu.org/licenses/old-licenses/gpl-2.0.txt;https://www.gnu.org/licenses/old-licenses/lgpl-2.0-standalone.html;https://www.gnu.org/licenses/old-licenses/lgpl-2.1-standalone.html,/usr/share/doc/liblzma5/copyright
deb:libmount1@2.36.1-8+deb11u2,libmount1,deb,2.36.1-8+deb11u2,BSD-2-Clause OR BSD-3-Clause OR BSD-4-Clause OR GPL-2.0-only OR GPL-2.0-or-later OR GPL-3.0-only OR GPL-3.0-or-later OR LGPL OR LGPL-2.0-only OR LGPL-2.0-or-later OR LGPL-2.1-only OR LGPL-2.1-or-later OR LGPL-3.0-only OR LGPL-3.0-or-later OR MIT OR public-domain,http://directory.fsf.org/wiki/License:BSD_4Clause;http://opensource.org/licenses/MIT;https://github.com/openjdk/jdk/blob/6162e2c5213c5dd7c1127fd9616b543efa898962/LICENSE;https://opensource.org/license/mit/;https://opensource.org/licenses/BSD-2-Clause;https://opensource.org/licenses/BSD-3-Clause;https://opensource.org/licenses/GPL-2.0;https://opensource.org/licenses/GPL-3.0;https://opensource.org/licenses/LGPL-2.1;https://opensource.org/licenses/LGPL-3.0;https://spdx.org/licenses/BSD-2-Clause.html;https://spdx.org/licenses/BSD-3-Clause.html;https://spdx.org/licenses/BSD-4-Clause.html;https://spdx.org/licenses/GPL-2.0-only.html;https://spdx.org/licenses/GPL-2.0-or-later.html;https://spdx.org/licenses/GPL-3.0-only.html;https://spdx.org/licenses/GPL-3.0-or-later.html;https://spdx.org/licenses/LGPL-2.0-only.html;https://spdx.org/licenses/LGPL-2.0-or-later.html;https://spdx.org/licenses/LGPL-2.1-only.html;https://spdx.org/licenses/LGPL-2.1-or-later.html;https://spdx.org/licenses/LGPL-3.0-only.html;https://spdx.org/licenses/LGPL-3.0-or-later.html;https://spdx.org/licenses/MIT.html;https://www.eclipse.org/org/documents/edl-v10.php;https://www.gnu.org/licenses/gpl-3.0-standalone.html;https://www.gnu.org/licenses/lgpl+gpl-3.0.txt;https://www.gnu.org/licenses/lgpl-3.0-standalone.html;https://www.gnu.org/licenses/old-licenses/gpl-2.0-standalone.html;https://www.gnu.org/licenses/old-licenses/gpl-2.0.txt;https://www.gnu.org/licenses/old-licenses/lgpl-2.0-standalone.html;https://www.gnu.org/licenses/old-licenses/lgpl-2.1-standalone.html,/usr/share/doc/libmount1/copyright
deb:libncursesw6@6.2+20201114-2+deb11u2,libncursesw6,deb,6.2+20201114-2+deb11u2,BSD-3-Clause OR MIT/X11 OR X11,http://www.xfree86.org/3.3.6/COPYRIGHT2.html#3;https://opensource.org/licenses/BSD-3-Clause;https://spdx.org/licenses/BSD-3-Clause.html;https://spdx.org/licenses/X11.html;https://www.eclipse.org/org/documents/edl-v10.php,/usr/share/doc/libtinfo6/copyright
deb:libnettle8@3.7.3-1,libnettle8,deb,3.7.3-1,Expat OR GAP OR GPL OR GPL-2.0-only OR GPL-2.0-or-later OR GPL-3.0-or-later OR LGPL OR LGPL-2.0-only OR LGPL-2.0-or-later OR LGPL-3.0-or-later OR public-domain,https://github.com/openjdk/jdk/blob/6162e2c5213c5dd7c1127fd9616b543efa898962/LICENSE;https://opensource.org/licenses/GPL-2.0;https://opensource.org/licenses/GPL-3.0;https://opensource.org/licenses/LGPL-3.0;https://spdx.org/licenses/GPL-2.0-only.html;https://spdx.org/licenses/GPL-2.0-or-later.html;https://spdx.org/licenses/GPL-3.0-or-later.html;https://spdx.org/licenses/LGPL-2.0-only.html;https://spdx.org/licenses/LGPL-2.0-or-later.html;https://spdx.org/licenses/LGPL-3.0-or-later.html;https://www.gnu.org/licenses/gpl-3.0-standalone.html;https://www.gnu.org/licenses/lgpl+gpl-3.0.txt;https://www.gnu.org/licenses/lgpl-3.0-standalone.html;https://www.gnu.org/licenses/old-licenses/gpl-2.0-standalone.html;https://www.gnu.org/licenses/old-licenses/gpl-2.0.txt;https://www.gnu.org/licenses/old-licenses/lgpl-2.0-standalone.html,/usr/share/doc/libnettle8/copyright
deb:libnghttp2-14@1.43.0-1+deb11u3,libnghttp2-14,deb,1.43.0-1+deb11u3,BSD-2-Clause OR Expat OR GPL-3.0-only OR GPL-3.0-or-later OR MIT OR SIL-OFL-1.1 OR all-permissive,http://opensource.org/licenses/MIT;https://opensource.org/license/mit/;https://opensource.org/licenses/BSD-2-Clause;https://opensource.org/licenses/GPL-3.0;https://spdx.org/licenses/BSD-2-Clause.html;https://spdx.org/licenses/GPL-3.0-only.html;https://spdx.org/licenses/GPL-3.0-or-later.html;https://spdx.org/licenses/MIT.html;https://www.gnu.org/licenses/gpl-3.0-standalone.html,/usr/share/doc/libnghttp2-14/copyright
deb:libnsl2@1.3.0-2,libnsl2,deb,1.3.0-2,BSD-3-Clause OR GPL-2+-autoconf-exception OR GPL-2+-libtool-exception OR GPL-2.0-only OR GPL-3+-autoconf-exception OR GPL-3.0-only OR LGPL-2.1-only OR LGPL-2.1-or-later OR MIT OR permissive-autoconf-m4 OR permissive-autoconf-m4-no-warranty OR permissive-configure OR permissive-fsf OR permissive-makefile-in,http://opensource.org/licenses/MIT;https://github.com/openjdk/jdk/blob/6162e2c5213c5dd7c1127fd9616b543efa898962/LICENSE;https://opensource.org/license/mit/;https://opensource.org/licenses/BSD-3-Clause;https://opensource.org/licenses/GPL-2.0;https://opensource.org/licenses/GPL-3.0;https://opensource.org/licenses/LGPL-2.1;https://spdx.org/licenses/BSD-3-Clause.html;https://spdx.org/licenses/GPL-2.0-only.html;https://spdx.org/licenses/GPL-3.0-only.html;https://spdx.org/licenses/LGPL-2.1-only.html;https://spdx.org/licenses/LGPL-2.1-or-later.html;https://spdx.org/licenses/MIT.html;https://www.eclipse.org/org/documents/edl-v10.php;https://www.gnu.org/licenses/gpl-3.0-standalone.html;https://www.gnu.org/licenses/old-licenses/gpl-2.0-standalone.html;https://www.gnu.org/licenses/old-licenses/gpl-2.0.txt;https://www.gnu.org/licenses/old-licenses/lgpl-2.1-standalone.html,/usr/share/doc/libnsl2/copyright
deb:libp11-kit0@0.23.22-1,libp11-kit0,deb,0.23.22-1,BSD-3-Clause OR ISC OR ISC+IBM OR permissive-like-automake-output OR same-as-rest-of-p11kit,https://opensource.org/licenses/BSD-3-Clause;https://opensource.org/licenses/ISC;https://spdx.org/licenses/BSD-3-Clause.html;https://spdx.org/licenses/ISC.html;https://www.eclipse.org/org/documents/edl-v10.php;https://www.isc.org/downloads/software-support-policy/isc-license/;https://www.isc.org/licenses/,/usr/share/doc/libp11-kit0/copyright
deb:libpam-modules@1.4.0-9+deb11u2,libpam-modules,deb,1.4.0-9+deb11u2,"","",""
deb:libpam-modules-bin@1.4.0-9+deb11u2,libpam-modules-bin,deb,1.4.0-9+deb11u2,"","",""
deb:libpam-runtime@1.4.0-9+deb11u1,libpam-runtime,deb,1.4.0-9+deb11u1,"","",""
deb:libpam0g@1.4.0-9+deb11u1,libpam0g,deb,1.4.0-9+deb11u1,"","",""
deb:libpcre2-8-0@10.36-2+deb11u1,libpcre2-8-0,deb,10.36-2+deb11u1,BSD-3-Clause,https://opensource.org/licenses/BSD-3-Clause;https://spdx.org/licenses/BSD-3-Clause.html;https://www.eclipse.org/org/documents/edl-v10.php,/usr/share/doc/libpcre2-8-0/copyright
deb:libpcre3@2:8.39-13,libpcre3,deb,2:8.39-13,BSD-3-Clause,https://opensource.org/licenses/BSD-3-Clause;https://spdx.org/licenses/BSD-3-Clause.html;https://www.eclipse.org/org/documents/edl-v10.php,/usr/share/doc/libpcre3/copyright
deb:libpsl5@0.21.0-1.2,libpsl5,deb,0.21.0-1.2,Chromium OR MIT,http://opensource.org/licenses/MIT;https://opensource.org/license/mit/;https://spdx.org/licenses/MIT.html,/usr/share/doc/libpsl5/copyright
deb:libreadline8@8.1-1,libreadline8,deb,8.1-1,GPL-3.0-or-later,https://opensource.org/licenses/GPL-3.0;https://spdx.org/licenses/GPL-3.0-or-later.html;https://www.gnu.org/licenses/gpl-3.0-standalone.html,/usr/share/doc/libreadline8/copyright
deb:librtmp1@2.4+20151223.gitfa8646d.1-2+b2,librtmp1,deb,2.4+20151223.gitfa8646d.1-2+b2,GPL-2.0-or-later OR LGPL-2.1-or-later,https://github.com/openjdk/jdk/blob/6162e2c5213c5dd7c1127fd9616b543efa898962/LICENSE;https://opensource.org/licenses/GPL-2.0;https://opensource.org/licenses/LGPL-2.1;https://spdx.org/licenses/GPL-2.0-or-later.html;https://spdx.org/licenses/LGPL-2.1-or-later.html;https://www.gnu.org/licenses/old-licenses/gpl-2.0-standalone.html;https://www.gnu.org/licenses/old-licenses/lgpl-2.1-standalone.html,/usr/share/doc/librtmp1/copyright
deb:libsasl2-2@2.1.27+dfsg-2.1+deb11u1,libsasl2-2,deb,2.1.27+dfsg-2.1+deb11u1,BSD-4-Clause OR GPL-3.0-only OR GPL-3.0-or-later,http://directory.fsf.org/wiki/License:BSD_4Clause;https://opensource.org/licenses/GPL-3.0;https://spdx.org/licenses/BSD-4-Clause.html;https://spdx.org/licenses/GPL-3.0-only.html;https://spdx.org/licenses/GPL-3.0-or-later.html;https://www.gnu.org/licenses/gpl-3.0-standalone.html,/usr/share/doc/libsasl2-2/copyright
deb:libsasl2-modules-db@2.1.27+dfsg-2.1+deb11u1,libsasl2-modules-db,deb,2.1.27+dfsg-2.1+deb11u1,BSD-4-Clause OR GPL-3.0-only OR GPL-3.0-or-later,http://directory.fsf.org/wiki/License:BSD_4Clause;https://opensource.org/licenses/GPL-3.0;https://spdx.org/licenses/BSD-4-Clause.html;https://spdx.org/licenses/GPL-3.0-only.html;https://spdx.org/licenses/GPL-3.0-or-later.html;https://www.gnu.org/licenses/gpl-3.0-standalone.html,/usr/share/doc/libsasl2-modules-db/copyright
deb:libseccomp2@2.5.1-1+deb11u1,libseccomp2,deb,2.5.1-1+deb11u1,LGPL-2.1-only,https://opensource.org/licenses/LGPL-2.1;https://spdx.org/licenses/LGPL-2.1-only.html;https://www.gnu.org/licenses/old-licenses/lgpl-2.1-standalone.html,/usr/share/doc/libseccomp2/copyright
deb:libselinux1@3.1-3,libselinux1,deb,3.1-3,libselinux-1.0,https://github.com/SELinuxProject/selinux/blob/master/libselinux/LICENSE;https://spdx.org/licenses/libselinux-1.0.html,/usr/share/doc/libselinux1/copyright
deb:libsemanage-common@3.1-1,libsemanage-common,deb,3.1-1,LGPL-2.1-or-later,https://opensource.org/licenses/LGPL-2.1;https://spdx.org/licenses/LGPL-2.1-or-later.html;https://www.gnu.org/licenses/old-licenses/lgpl-2.1-standalone.html,/usr/share/doc/libsemanage-common/copyright
deb:libsemanage1@3.1-1+b2,libsemanage1,deb,3.1-1+b2,LGPL-2.1-or-later,https://opensource.org/licenses/LGPL-2.1;https://spdx.org/licenses/LGPL-2.1-or-later.html;https://www.gnu.org/licenses/old-licenses/lgpl-2.1-standalone.html,/usr/share/doc/libsemanage1/copyright
deb:libsepol1@3.1-1+deb11u1,libsepol1,deb,3.1-1+deb11u1,LGPL-2.1-or-later,https://opensource.org/licenses/LGPL-2.1;https://spdx.org/licenses/LGPL-2.1-or-later.html;https://www.gnu.org/licenses/old-licenses/lgpl-2.1-standalone.html,/usr/share/doc/libsepol1/copyright
deb:libsmartcols1@2.36.1-8+deb11u2,libsmartcols1,deb,2.36.1-8+deb11u2,BSD-2-Clause OR BSD-3-Clause OR BSD-4-Clause OR GPL-2.0-only OR GPL-2.0-or-later OR GPL-3.0-only OR GPL-3.0-or-later OR LGPL OR LGPL-2.0-only OR LGPL-2.0-or-later OR LGPL-2.1-only OR LGPL-2.1-or-later OR LGPL-3.0-only OR LGPL-3.0-or-later OR MIT OR public-domain,http://directory.fsf.org/wiki/License:BSD_4Clause;http://opensource.org/licenses/MIT;https://github.com/openjdk/jdk/blob/6162e2c5213c5dd7c1127fd9616b543efa898962/LICENSE;https://opensource.org/license/mit/;https://opensource.org/licenses/BSD-2-Clause;https://opensource.org/licenses/BSD-3-Clause;https://opensource.org/licenses/GPL-2.0;https://opensource.org/licenses/GPL-3.0;https://opensource.org/licenses/LGPL-2.1;https://opensource.org/licenses/LGPL-3.0;https://spdx.org/licenses/BSD-2-Clause.html;https://spdx.org/licenses/BSD-3-Clause.html;https://spdx.org/licenses/BSD-4-Clause.html;https://spdx.org/licenses/GPL-2.0-only.html;https://spdx.org/licenses/GPL-2.0-or-later.html;https://spdx.org/licenses/GPL-3.0-only.html;https://spdx.org/licenses/GPL-3.0-or-later.html;https://spdx.org/licenses/LGPL-2.0-only.html;https://spdx.org/licenses/LGPL-2.0-or-later.html;https://spdx.org/licenses/LGPL-2.1-only.html;https://spdx.org/licenses/LGPL-2.1-or-later.html;https://spdx.org/licenses/LGPL-3.0-only.html;https://spdx.org/licenses/LGPL-3.0-or-later.html;https://spdx.org/licenses/MIT.html;https://www.eclipse.org/org/documents/edl-v10.php;https://www.gnu.org/licenses/gpl-3.0-standalone.html;https://www.gnu.org/licenses/lgpl+gpl-3.0.txt;https://www.gnu.org/licenses/lgpl-3.0-standalone.html;https://www.gnu.org/licenses/old-licenses/gpl-2.0-standalone.html;https://www.gnu.org/licenses/old-licenses/gpl-2.0.txt;https://www.gnu.org/licenses/old-licenses/lgpl-2.0-standalone.html;https://www.gnu.org/licenses/old-licenses/lgpl-2.1-standalone.html,/usr/share/doc/libsmartcols1/copyright
deb:libsqlite3-0@3.34.1-3+deb11u1,libsqlite3-0,deb,3.34.1-3+deb11u1,GPL-2.0-only OR GPL-2.0-or-later OR public-domain,https://github.com/openjdk/jdk/blob/6162e2c5213c5dd7c1127fd9616b543efa898962/LICENSE;https://opensource.org/licenses/GPL-2.0;https://spdx.org/licenses/GPL-2.0-only.html;https://spdx.org/licenses/GPL-2.0-or-later.html;https://www.gnu.org/licenses/old-licenses/gpl-2.0-standalone.html;https://www.gnu.org/licenses/old-licenses/gpl-2.0.txt,/usr/share/doc/libsqlite3-0/copyright
deb:libss2@1.46.2-2+deb11u1,libss2,deb,1.46.2-2+deb11u1,HPND,http://lists.opensource.org/pipermail/license-discuss_lists.opensource.org/2002-November/006304.html;https://opensource.org/licenses/HPND;https://spdx.org/licenses/HPND.html,/usr/share/doc/libss2/copyright
deb:libssh2-1@1.9.0-2+deb11u1,libssh2-1,deb,1.9.0-2+deb11u1,BSD3,"",/usr/share/doc/libssh2-1/copyright
deb:libssl1.1@1.1.1w-0+deb11u3,libssl1.1,deb,1.1.1w-0+deb11u3,OpenSSL,http://www.openssl.org/source/license.html;https://spdx.org/licenses/OpenSSL.html,/usr/share/doc/libssl1.1/copyright
deb:libstdc++6@10.2.1-6,libstdc++6,deb,10.2.1-6,BSD-2-Clause OR BSD-3-Clause OR BSD-4-Clause-UC OR GPL-2.0-or-later OR GPL-3.0-or-later OR HPND OR LGPL-2.0-or-later OR LGPL-2.1-or-later OR MIT OR NCSA OR Spencer-94 OR Unicode-DFS-2015 OR Zlib,http://lists.opensource.org/pipermail/license-discuss_lists.opensource.org/2002-November/006304.html;http://opensource.org/licenses/MIT;http://otm.illinois.edu/uiuc_openSource;http://www.freebsd.org/copyright/license.html;http://www.zlib.net/zlib_license.html;https://fedoraproject.org/wiki/Licensing/Henry_Spencer_Reg-Ex_Library_License;https://github.com/openjdk/jdk/blob/6162e2c5213c5dd7c1127fd9616b543efa898962/LICENSE;https://metacpan.org/release/KNOK/File-MMagic-1.30/source/COPYING#L28;https://opensource.org/license/mit/;https://opensource.org/licenses/BSD-2-Clause;https://opensource.org/licenses/BSD-3-Clause;https://opensource.org/licenses/GPL-2.0;https://opensource.org/licenses/GPL-3.0;https://opensource.org/licenses/HPND;https://opensource.org/licenses/LGPL-2.1;https://opensource.org/licenses/NCSA;https://opensource.org/licenses/Zlib;https://spdx.org/licenses/BSD-2-Clause.html;https://spdx.org/licenses/BSD-3-Clause.html;https://spdx.org/licenses/BSD-4-Clause-UC.html;https://spdx.org/licenses/GPL-2.0-or-later.html;https://spdx.org/licenses/GPL-3.0-or-later.html;https://spdx.org/licenses/HPND.html;https://spdx.org/licenses/LGPL-2.0-or-later.html;https://spdx.org/licenses/LGPL-2.1-or-later.html;https://spdx.org/licenses/MIT.html;https://spdx.org/licenses/NCSA.html;https://spdx.org/licenses/Spencer-94.html;https://spdx.org/licenses/Unicode-DFS-2015.html;https://spdx.org/licenses/Zlib.html;https://web.archive.org/web/20151224134844/http://unicode.org/copyright.html;https://www.eclipse.org/org/documents/edl-v10.php;https://www.gnu.org/licenses/gpl-3.0-standalone.html;https://www.gnu.org/licenses/old-licenses/gpl-2.0-standalone.html;https://www.gnu.org/licenses/old-licenses/lgpl-2.0-standalone.html;https://www.gnu.org/licenses/old-licenses/lgpl-2.1-standalone.html,/usr/share/doc/gcc-10-base/copyright
deb:libsystemd0@247.3-7+deb11u6,libsystemd0,deb,247.3-7+deb11u6,CC0-1.0 OR Expat OR GPL-2.0-only OR GPL-2.0-or-later OR LGPL-2.1-only OR LGPL-2.1-or-later OR public-domain,https://creativecommons.org/publicdomain/zero/1.0/legalcode;https://github.com/openjdk/jdk/blob/6162e2c5213c5dd7c1127fd9616b543efa898962/LICENSE;https://opensource.org/licenses/GPL-2.0;https://opensource.org/licenses/LGPL-2.1;https://spdx.org/licenses/CC0-1.0.html;https://spdx.org/licenses/GPL-2.0-only.html;https://spdx.org/licenses/GPL-2.0-or-later.html;https://spdx.org/licenses/LGPL-2.1-only.html;https://spdx.org/licenses/LGPL-2.1-or-later.html;https://www.gnu.org/licenses/old-licenses/gpl-2.0-standalone.html;https://www.gnu.org/licenses/old-licenses/gpl-2.0.txt;https://www.gnu.org/licenses/old-licenses/lgpl-2.1-standalone.html,/usr/share/doc/libsystemd0/copyright
deb:libtasn1-6@4.16.0-2+deb11u2,libtasn1-6,deb,4.16.0-2+deb11u2,GPL-3.0-or-later OR LGPL-2.1-or-later,https://opensource.org/licenses/GPL-3.0;https://opensource.org/licenses/LGPL-2.1;https://spdx.org/licenses/GPL-3.0-or-later.html;https://spdx.org/licenses/LGPL-2.1-or-later.html;https://www.gnu.org/licenses/gpl-3.0-standalone.html;https://www.gnu.org/licenses/old-licenses/lgpl-2.1-standalone.html,/usr/share/doc/libtasn1-6/copyright
deb:libtinfo6@6.2+20201114-2+deb11u2,libtinfo6,deb,6.2+20201114-2+deb11u2,BSD-3-Clause OR MIT/X11 OR X11,http://www.xfree86.org/3.3.6/COPYRIGHT2.html#3;https://opensource.org/licenses/BSD-3-Clause;https://spdx.org/licenses/BSD-3-Clause.html;https://spdx.org/licenses/X11.html;https://www.eclipse.org/org/documents/edl-v10.php,/usr/share/doc/libtinfo6/copyright
deb:libtirpc-common@1.3.1-1+deb11u1,libtirpc-common,deb,1.3.1-1+deb11u1,BSD-3-Clause OR GPL-2.0-only OR LGPL-2.1-only,https://github.com/openjdk/jdk/blob/6162e2c5213c5dd7c1127fd9616b543efa898962/LICENSE;https://opensource.org/licenses/BSD-3-Clause;https://opensource.org/licenses/GPL-2.0;https://opensource.org/licenses/LGPL-2.1;https://spdx.org/licenses/BSD-3-Clause.html;https://spdx.org/licenses/GPL-2.0-only.html;https://spdx.org/licenses/LGPL-2.1-only.html;https://www.eclipse.org/org/documents/edl-v10.php;https://www.gnu.org/licenses/old-licenses/gpl-2.0-standalone.html;https://www.gnu.org/licenses/old-licenses/gpl-2.0.txt;https://www.gnu.org/licenses/old-licenses/lgpl-2.1-standalone.html,/usr/share/doc/libtirpc-common/copyright
deb:libtirpc3@1.3.1-1+deb11u1,libtirpc3,deb,1.3.1-1+deb11u1,BSD-3-Clause OR GPL-2.0-only OR LGPL-2.1-only,https://github.com/openjdk/jdk/blob/6162e2c5213c5dd7c1127fd9616b543efa898962/LICENSE;https://opensource.org/licenses/BSD-3-Clause;https://opensource.org/licenses/GPL-2.0;https://opensource.org/licenses/LGPL-2.1;https://spdx.org/licenses/BSD-3-Clause.html;https://spdx.org/licenses/GPL-2.0-only.html;https://spdx.org/licenses/LGPL-2.1-only.html;https://www.eclipse.org/org/documents/edl-v10.php;https://www.gnu.org/licenses/old-licenses/gpl-2.0-standalone.html;https://www.gnu.org/licenses/old-licenses/gpl-2.0.txt;https://www.gnu.org/licenses/old-licenses/lgpl-2.1-standalone.html,/usr/share/doc/libtirpc3/copyright
deb:libudev1@247.3-7+deb11u6,libudev1,deb,247.3-7+deb11u6,CC0-1.0 OR Expat OR GPL-2.0-only OR GPL-2.0-or-later OR LGPL-2.1-only OR LGPL-2.1-or-later OR public-domain,https://creativecommons.org/publicdomain/zero/1.0/legalcode;https://github.com/openjdk/jdk/blob/6162e2c5213c5dd7c1127fd9616b543efa898962/LICENSE;https://opensource.org/licenses/GPL-2.0;https://opensource.org/licenses/LGPL-2.1;https://spdx.org/licenses/CC0-1.0.html;https://spdx.org/licenses/GPL-2.0-only.html;https://spdx.org/licenses/GPL-2.0-or-later.html;https://spdx.org/licenses/LGPL-2.1-only.html;https://spdx.org/licenses/LGPL-2.1-or-later.html;https://www.gnu.org/licenses/old-licenses/gpl-2.0-standalone.html;https://www.gnu.org/licenses/old-licenses/gpl-2.0.txt;https://www.gnu.org/licenses/old-licenses/lgpl-2.1-standalone.html,/usr/share/doc/libudev1/copyright
deb:libunistring2@0.9.10-4,libunistring2,deb,0.9.10-4,FSFULLR OR GPL-2.0-or-later OR GPL-3.0-or-later OR LGPL-3.0-or-later OR MIT,http://opensource.org/licenses/MIT;https://fedoraproject.org/wiki/Licensing/FSF_Unlimited_License#License_Retention_Variant;https://github.com/openjdk/jdk/blob/6162e2c5213c5dd7c1127fd9616b543efa898962/LICENSE;https://opensource.org/license/mit/;https://opensource.org/licenses/GPL-2.0;https://opensource.org/licenses/GPL-3.0;https://opensource.org/licenses/LGPL-3.0;https://spdx.org/licenses/FSFULLR.html;https://spdx.org/licenses/GPL-2.0-or-later.html;https://spdx.org/licenses/GPL-3.0-or-later.html;https://spdx.org/licenses/LGPL-3.0-or-later.html;https://spdx.org/licenses/MIT.html;https://www.gnu.org/licenses/gpl-3.0-standalone.html;https://www.gnu.org/licenses/lgpl+gpl-3.0.txt;https://www.gnu.org/licenses/lgpl-3.0-standalone.html;https://www.gnu.org/licenses/old-licenses/gpl-2.0-standalone.html,/usr/share/doc/libunistring2/copyright
deb:libuuid1@2.36.1-8+deb11u2,libuuid1,deb,2.36.1-8+deb11u2,BSD-2-Clause OR BSD-3-Clause OR BSD-4-Clause OR GPL-2.0-only OR GPL-2.0-or-later OR GPL-3.0-only OR GPL-3.0-or-later OR LGPL OR LGPL-2.0-only OR LGPL-2.0-or-later OR LGPL-2.1-only OR LGPL-2.1-or-later OR LGPL-3.0-only OR LGPL-3.0-or-later OR MIT OR public-domain,http://directory.fsf.org/wiki/License:BSD_4Clause;http://opensource.org/licenses/MIT;https://github.com/openjdk/jdk/blob/6162e2c5213c5dd7c1127fd9616b543efa898962/LICENSE;https://opensource.org/license/mit/;https://opensource.org/licenses/BSD-2-Clause;https://opensource.org/licenses/BSD-3-Clause;https://opensource.org/licenses/GPL-2.0;https://opensource.org/licenses/GPL-3.0;https://opensource.org/licenses/LGPL-2.1;https://opensource.org/licenses/LGPL-3.0;https://spdx.org/licenses/BSD-2-Clause.html;https://spdx.org/licenses/BSD-3-Clause.html;https://spdx.org/licenses/BSD-4-Clause.html;https://spdx.org/licenses/GPL-2.0-only.html;https://spdx.org/licenses/GPL-2.0-or-later.html;https://spdx.org/licenses/GPL-3.0-only.html;https://spdx.org/licenses/GPL-3.0-or-later.html;https://spdx.org/licenses/LGPL-2.0-only.html;https://spdx.org/licenses/LGPL-2.0-or-later.html;https://spdx.org/licenses/LGPL-2.1-only.html;https://spdx.org/licenses/LGPL-2.1-or-later.html;https://spdx.org/licenses/LGPL-3.0-only.html;https://spdx.org/licenses/LGPL-3.0-or-later.html;https://spdx.org/licenses/MIT.html;https://www.eclipse.org/org/documents/edl-v10.php;https://www.gnu.org/licenses/gpl-3.0-standalone.html;https://www.gnu.org/licenses/lgpl+gpl-3.0.txt;https://www.gnu.org/licenses/lgpl-3.0-standalone.html;https://www.gnu.org/licenses/old-licenses/gpl-2.0-standalone.html;https://www.gnu.org/licenses/old-licenses/gpl-2.0.txt;https://www.gnu.org/licenses/old-licenses/lgpl-2.0-standalone.html;https://www.gnu.org/licenses/old-licenses/lgpl-2.1-standalone.html,/usr/share/doc/libuuid1/copyright
deb:libxxhash0@0.8.0-2,libxxhash0,deb,0.8.0-2,BSD-2-Clause OR GPL-2.0-only,https://github.com/openjdk/jdk/blob/6162e2c5213c5dd7c1127fd9616b543efa898962/LICENSE;https://opensource.org/licenses/BSD-2-Clause;https://opensource.org/licenses/GPL-2.0;https://spdx.org/licenses/BSD-2-Clause.html;https://spdx.org/licenses/GPL-2.0-only.html;https://www.gnu.org/licenses/old-licenses/gpl-2.0-standalone.html;https://www.gnu.org/licenses/old-licenses/gpl-2.0.txt,/usr/share/doc/libxxhash0/copyright
deb:libzstd1@1.4.8+dfsg-2.1,libzstd1,deb,1.4.8+dfsg-2.1,BSD-3-Clause OR Expat OR GPL-2.0-only OR Zlib,http://www.zlib.net/zlib_license.html;https://github.com/openjdk/jdk/blob/6162e2c5213c5dd7c1127fd9616b543efa898962/LICENSE;https://opensource.org/licenses/BSD-3-Clause;https://opensource.org/licenses/GPL-2.0;https://opensource.org/licenses/Zlib;https://spdx.org/licenses/BSD-3-Clause.html;https://spdx.org/licenses/GPL-2.0-only.html;https://spdx.org/licenses/Zlib.html;https://www.eclipse.org/org/documents/edl-v10.php;https://www.gnu.org/licenses/old-licenses/gpl-2.0-standalone.html;https://www.gnu.org/licenses/old-licenses/gpl-2.0.txt,/usr/share/doc/libzstd1/copyright
deb:login@1:4.8.1-1+deb11u1,login,deb,1:4.8.1-1+deb11u1,BSD-3-Clause OR GPL-2.0-or-later,https://github.com/openjdk/jdk/blob/6162e2c5213c5dd7c1127fd9616b543efa898962/LICENSE;https://opensource.org/licenses/BSD-3-Clause;https://opensource.org/licenses/GPL-2.0;https://spdx.org/licenses/BSD-3-Clause.html;https://spdx.org/licenses/GPL-2.0-or-later.html;https://www.eclipse.org/org/documents/edl-v10.php;https://www.gnu.org/licenses/old-licenses/gpl-2.0-standalone.html,/usr/share/doc/login/copyright
deb:logsave@1.46.2-2+deb11u1,logsave,deb,1.46.2-2+deb11u1,"","",""
deb:lsb-base@11.1.0,lsb-base,deb,11.1.0,BSD-3-Clause OR GPL-2.0-only,https://github.com/openjdk/jdk/blob/6162e2c5213c5dd7c1127fd9616b543efa898962/LICENSE;https://opensource.org/licenses/BSD-3-Clause;https://opensource.org/licenses/GPL-2.0;https://spdx.org/licenses/BSD-3-Clause.html;https://spdx.org/licenses/GPL-2.0-only.html;https://www.eclipse.org/org/documents/edl-v10.php;https://www.gnu.org/licenses/old-licenses/gpl-2.0-standalone.html;https://www.gnu.org/licenses/old-licenses/gpl-2.0.txt,/usr/share/doc/lsb-base/copyright
deb:mawk@1.3.4.20200120-2,mawk,deb,1.3.4.20200120-2,GPL-2.0-only,https://github.com/openjdk/jdk/blob/6162e2c5213c5dd7c1127fd9616b543efa898962/LICENSE;https://opensource.org/licenses/GPL-2.0;https://spdx.org/licenses/GPL-2.0-only.html;https://www.gnu.org/licenses/old-licenses/gpl-2.0-standalone.html;https://www.gnu.org/licenses/old-licenses/gpl-2.0.txt,/usr/share/doc/mawk/copyright
deb:mount@2.36.1-8+deb11u2,mount,deb,2.36.1-8+deb11u2,BSD-2-Clause OR BSD-3-Clause OR BSD-4-Clause OR GPL-2.0-only OR GPL-2.0-or-later OR GPL-3.0-only OR GPL-3.0-or-later OR LGPL OR LGPL-2.0-only OR LGPL-2.0-or-later OR LGPL-2.1-only OR LGPL-2.1-or-later OR LGPL-3.0-only OR LGPL-3.0-or-later OR MIT OR public-domain,http://directory.fsf.org/wiki/License:BSD_4Clause;http://opensource.org/licenses/MIT;https://github.com/openjdk/jdk/blob/6162e2c5213c5dd7c1127fd9616b543efa898962/LICENSE;https://opensource.org/license/mit/;https://opensource.org/licenses/BSD-2-Clause;https://opensource.org/licenses/BSD-3-Clause;https://opensource.org/licenses/GPL-2.0;https://opensource.org/licenses/GPL-3.0;https://opensource.org/licenses/LGPL-2.1;https://opensource.org/licenses/LGPL-3.0;https://spdx.org/licenses/BSD-2-Clause.html;https://spdx.org/licenses/BSD-3-Clause.html;https://spdx.org/licenses/BSD-4-Clause.html;https://spdx.org/licenses/GPL-2.0-only.html;https://spdx.org/licenses/GPL-2.0-or-later.html;https://spdx.org/licenses/GPL-3.0-only.html;https://spdx.org/licenses/GPL-3.0-or-later.html;https://spdx.org/licenses/LGPL-2.0-only.html;https://spdx.org/licenses/LGPL-2.0-or-later.html;https://spdx.org/licenses/LGPL-2.1-only.html;https://spdx.org/licenses/LGPL-2.1-or-later.html;https://spdx.org/licenses/LGPL-3.0-only.html;https://spdx.org/licenses/LGPL-3.0-or-later.html;https://spdx.org/licenses/MIT.html;https://www.eclipse.org/org/documents/edl-v10.php;https://www.gnu.org/licenses/gpl-3.0-standalone.html;https://www.gnu.org/licenses/lgpl+gpl-3.0.txt;https://www.gnu.org/licenses/lgpl-3.0-standalone.html;https://www.gnu.org/licenses/old-licenses/gpl-2.0-standalone.html;https://www.gnu.org/licenses/old-licenses/gpl-2.0.txt;https://www.gnu.org/licenses/old-licenses/lgpl-2.0-standalone.html;https://www.gnu.org/licenses/old-licenses/lgpl-2.1-standalone.html,/usr/share/doc/mount/copyright
deb:ncurses-base@6.2+20201114-2+deb11u2,ncurses-base,deb,6.2+20201114-2+deb11u2,BSD-3-Clause OR MIT/X11 OR X11,http://www.xfree86.org/3.3.6/COPYRIGHT2.html#3;https://opensource.org/licenses/BSD-3-Clause;https://spdx.org/licenses/BSD-3-Clause.html;https://spdx.org/licenses/X11.html;https://www.eclipse.org/org/documents/edl-v10.php,/usr/share/doc/ncurses-base/copyright
deb:ncurses-bin@6.2+20201114-2+deb11u2,ncurses-bin,deb,6.2+20201114-2+deb11u2,BSD-3-Clause OR MIT/X11 OR X11,http://www.xfree86.org/3.3.6/COPYRIGHT2.html#3;https://opensource.org/licenses/BSD-3-Clause;https://spdx.org/licenses/BSD-3-Clause.html;https://spdx.org/licenses/X11.html;https://www.eclipse.org/org/documents/edl-v10.php,/usr/share/doc/ncurses-bin/copyright
deb:netbase@6.3,netbase,deb,6.3,"","",""
deb:openssl@1.1.1w-0+deb11u3,openssl,deb,1.1.1w-0+deb11u3,OpenSSL,http://www.openssl.org/source/license.html;https://spdx.org/licenses/OpenSSL.html,/usr/share/doc/openssl/copyright
deb:passwd@1:4.8.1-1+deb11u1,passwd,deb,1:4.8.1-1+deb11u1,BSD-3-Clause OR GPL-2.0-or-later,https://github.com/openjdk/jdk/blob/6162e2c5213c5dd7c1127fd9616b543efa898962/LICENSE;https://opensource.org/licenses/BSD-3-Clause;https://opensource.org/licenses/GPL-2.0;https://spdx.org/licenses/BSD-3-Clause.html;https://spdx.org/licenses/GPL-2.0-or-later.html;https://www.eclipse.org/org/documents/edl-v10.php;https://www.gnu.org/licenses/old-licenses/gpl-2.0-standalone.html,/usr/share/doc/passwd/copyright
deb:perl-base@5.32.1-4+deb11u4,perl-base,deb,5.32.1-4+deb11u4,"Artistic OR Artistic-2.0 OR Artistic-dist OR BSD-3-Clause OR BSD-3-clause-GENERIC OR BSD-3-clause-with-weird-numbering OR BSD-4-clause-POWERDOG OR BZIP OR DONT-CHANGE-THE-GPL OR Expat OR GPL-1.0-only OR GPL-1.0-or-later OR GPL-2.0-only OR GPL-2.0-or-later OR GPL-3+-WITH-BISON-EXCEPTION OR HSIEH-BSD OR HSIEH-DERIVATIVE OR LGPL-2.1-only OR REGCOMP OR REGCOMP, OR RRA-KEEP-THIS-NOTICE OR SDBM-PUBLIC-DOMAIN OR TEXT-TABS OR Unicode OR Zlib",http://www.perlfoundation.org/artistic_license_2_0;http://www.zlib.net/zlib_license.html;https://github.com/openjdk/jdk/blob/6162e2c5213c5dd7c1127fd9616b543efa898962/LICENSE;https://github.com/pexip/os-perl/blob/833cf4c86cc465ccfc627ff16db67e783156a248/debian/copyright#L2720-L2845;https://opensource.org/licenses/BSD-3-Clause;https://opensource.org/licenses/GPL-2.0;https://opensource.org/licenses/LGPL-2.1;https://opensource.org/licenses/Zlib;https://opensource.org/licenses/artistic-license-2.0;https://spdx.org/licenses/Artistic-2.0.html;https://spdx.org/licenses/Artistic-dist.html;https://spdx.org/licenses/BSD-3-Clause.html;https://spdx.org/licenses/GPL-1.0-only.html;https://spdx.org/licenses/GPL-1.0-or-later.html;https://spdx.org/licenses/GPL-2.0-only.html;https://spdx.org/licenses/GPL-2.0-or-later.html;https://spdx.org/licenses/LGPL-2.1-only.html;https://spdx.org/licenses/Zlib.html;https://www.eclipse.org/org/documents/edl-v10.php;https://www.gnu.org/licenses/old-licenses/gpl-1.0-standalone.html;https://www.gnu.org/licenses/old-licenses/gpl-2.0-standalone.html;https://www.gnu.org/licenses/old-licenses/gpl-2.0.txt;https://www.gnu.org/licenses/old-licenses/lgpl-2.1-standalone.html;https://www.perlfoundation.org/artistic-license-20.html,/usr/share/doc/perl-base/copyright
deb:readline-common@8.1-1,readline-common,deb,8.1-1,GPL-3.0-or-later,https://opensource.org/licenses/GPL-3.0;https://spdx.org/licenses/GPL-3.0-or-later.html;https://www.gnu.org/licenses/gpl-3.0-standalone.html,/usr/share/doc/readline-common/copyright
deb:sed@4.7-1,sed,deb,4.7-1,GPL-3.0-or-later,https://opensource.org/licenses/GPL-3.0;https://spdx.org/licenses/GPL-3.0-or-later.html;https://www.gnu.org/licenses/gpl-3.0-standalone.html,/usr/share/doc/sed/copyright
deb:sysvinit-utils@2.96-7+deb11u1,sysvinit-utils,deb,2.96-7+deb11u1,GPL-2.0-only OR GPL-2.0-or-later,https://github.com/openjdk/jdk/blob/6162e2c5213c5dd7c1127fd9616b543efa898962/LICENSE;https://opensource.org/licenses/GPL-2.0;https://spdx.org/licenses/GPL-2.0-only.html;https://spdx.org/licenses/GPL-2.0-or-later.html;https://www.gnu.org/licenses/old-licenses/gpl-2.0-standalone.html;https://www.gnu.org/licenses/old-licenses/gpl-2.0.txt,/usr/share/doc/sysvinit-utils/copyright
deb:tar@1.34+dfsg-1+deb11u1,tar,deb,1.34+dfsg-1+deb11u1,GPL-2.0-or-later OR GPL-3.0-or-later,https://github.com/openjdk/jdk/blob/6162e2c5213c5dd7c1127fd9616b543efa898962/LICENSE;https://opensource.org/licenses/GPL-2.0;https://opensource.org/licenses/GPL-3.0;https://spdx.org/licenses/GPL-2.0-or-later.html;https://spdx.org/licenses/GPL-3.0-or-later.html;https://www.gnu.org/licenses/gpl-3.0-standalone.html;https://www.gnu.org/licenses/old-licenses/gpl-2.0-standalone.html,/usr/share/doc/tar/copyright
deb:telnet@0.17-42,telnet,deb,0.17-42,BSD-4-Clause,http://directory.fsf.org/wiki/License:BSD_4Clause;https://spdx.org/licenses/BSD-4-Clause.html,/usr/share/doc/telnet/copyright
deb:tzdata@2025b-0+deb11u1,tzdata,deb,2025b-0+deb11u1,"","",""
deb:unzip@6.0-26+deb11u2,unzip,deb,6.0-26+deb11u2,"","",""
deb:util-linux@2.36.1-8+deb11u2,util-linux,deb,2.36.1-8+deb11u2,BSD-2-Clause OR BSD-3-Clause OR BSD-4-Clause OR GPL-2.0-only OR GPL-2.0-or-later OR GPL-3.0-only OR GPL-3.0-or-later OR LGPL OR LGPL-2.0-only OR LGPL-2.0-or-later OR LGPL-2.1-only OR LGPL-2.1-or-later OR LGPL-3.0-only OR LGPL-3.0-or-later OR MIT OR public-domain,http://directory.fsf.org/wiki/License:BSD_4Clause;http://opensource.org/licenses/MIT;https://github.com/openjdk/jdk/blob/6162e2c5213c5dd7c1127fd9616b543efa898962/LICENSE;https://opensource.org/license/mit/;https://opensource.org/licenses/BSD-2-Clause;https://opensource.org/licenses/BSD-3-Clause;https://opensource.org/licenses/GPL-2.0;https://opensource.org/licenses/GPL-3.0;https://opensource.org/licenses/LGPL-2.1;https://opensource.org/licenses/LGPL-3.0;https://spdx.org/licenses/BSD-2-Clause.html;https://spdx.org/licenses/BSD-3-Clause.html;https://spdx.org/licenses/BSD-4-Clause.html;https://spdx.org/licenses/GPL-2.0-only.html;https://spdx.org/licenses/GPL-2.0-or-later.html;https://spdx.org/licenses/GPL-3.0-only.html;https://spdx.org/licenses/GPL-3.0-or-later.html;https://spdx.org/licenses/LGPL-2.0-only.html;https://spdx.org/licenses/LGPL-2.0-or-later.html;https://spdx.org/licenses/LGPL-2.1-only.html;https://spdx.org/licenses/LGPL-2.1-or-later.html;https://spdx.org/licenses/LGPL-3.0-only.html;https://spdx.org/licenses/LGPL-3.0-or-later.html;https://spdx.org/licenses/MIT.html;https://www.eclipse.org/org/documents/edl-v10.php;https://www.gnu.org/licenses/gpl-3.0-standalone.html;https://www.gnu.org/licenses/lgpl+gpl-3.0.txt;https://www.gnu.org/licenses/lgpl-3.0-standalone.html;https://www.gnu.org/licenses/old-licenses/gpl-2.0-standalone.html;https://www.gnu.org/licenses/old-licenses/gpl-2.0.txt;https://www.gnu.org/licenses/old-licenses/lgpl-2.0-standalone.html;https://www.gnu.org/licenses/old-licenses/lgpl-2.1-standalone.html,/usr/share/doc/util-linux/copyright
deb:zip@3.0-12,zip,deb,3.0-12,"","",""
deb:zlib1g@1:1.2.11.dfsg-2+deb11u2,zlib1g,deb,1:1.2.11.dfsg-2+deb11u2,Zlib,http://www.zlib.net/zlib_license.html;https://opensource.org/licenses/Zlib;https://spdx.org/licenses/Zlib.html,/usr/share/doc/zlib1g/copyright
python:aiohappyeyeballs@2.7.1,aiohappyeyeballs,python,2.7.1,PSF-2.0,https://matplotlib.org/stable/project/license.html;https://opensource.org/licenses/Python-2.0;https://spdx.org/licenses/PSF-2.0.html,/home/openserverless/.cache/uv/archive-v0/ZX7rGphMAIxt0uCB/aiohappyeyeballs-2.7.1.dist-info/METADATA
python:aiohttp@3.14.3,aiohttp,python,3.14.3,Apache-2.0 OR MIT,http://opensource.org/licenses/MIT;https://opensource.org/license/apache-2-0;https://opensource.org/license/mit/;https://opensource.org/licenses/Apache-2.0;https://spdx.org/licenses/Apache-2.0.html;https://spdx.org/licenses/MIT.html;https://www.apache.org/licenses/LICENSE-2.0,/home/openserverless/.cache/uv/archive-v0/bclwaJMtl2ZlSb2v/aiohttp-3.14.3.dist-info/METADATA
python:aiosignal@1.4.0,aiosignal,python,1.4.0,Apache 2.0,"",/home/openserverless/.cache/uv/archive-v0/2jjvELlRsg4j3igV/aiosignal-1.4.0.dist-info/METADATA
python:annotated-types@0.8.0,annotated-types,python,0.8.0,MIT,http://opensource.org/licenses/MIT;https://opensource.org/license/mit/;https://spdx.org/licenses/MIT.html,/home/openserverless/.cache/uv/archive-v0/d50aro9RmDHx4FTh/annotated_types-0.8.0.dist-info/METADATA
python:anyio@4.15.0,anyio,python,4.15.0,MIT,http://opensource.org/licenses/MIT;https://opensource.org/license/mit/;https://spdx.org/licenses/MIT.html,/home/openserverless/.cache/uv/archive-v0/Lw46m6Er3vvya5CS/anyio-4.15.0.dist-info/METADATA
python:attrs@26.1.0,attrs,python,26.1.0,MIT,http://opensource.org/licenses/MIT;https://opensource.org/license/mit/;https://spdx.org/licenses/MIT.html,/home/openserverless/.cache/uv/archive-v0/1caDwvPlwu17Jta3/attrs-26.1.0.dist-info/METADATA
python:auth0-python@6.4.0,auth0-python,python,6.4.0,MIT,http://opensource.org/licenses/MIT;https://opensource.org/license/mit/;https://spdx.org/licenses/MIT.html,/home/openserverless/.cache/uv/archive-v0/h_A7GYM9wCfHBw3g/auth0_python-6.4.0.dist-info/METADATA
python:autocommand@2.2.2,autocommand,python,2.2.2,LGPLv3,"",/home/openserverless/.cache/uv/archive-v0/SEsXF-VsuG6LVHF6/setuptools/_vendor/autocommand-2.2.2.dist-info/METADATA
python:backoff@2.2.1,backoff,python,2.2.1,MIT,http://opensource.org/licenses/MIT;https://opensource.org/license/mit/;https://spdx.org/licenses/MIT.html,/home/openserverless/.cache/uv/archive-v0/lQf44tbDYk3Qo-t3/backoff-2.2.1.dist-info/METADATA
python:backports-tarfile@1.2.0,backports-tarfile,python,1.2.0,MIT,http://opensource.org/licenses/MIT;https://opensource.org/license/mit/;https://spdx.org/licenses/MIT.html,/home/openserverless/.cache/uv/archive-v0/SEsXF-VsuG6LVHF6/setuptools/_vendor/backports.tarfile-1.2.0.dist-info/LICENSE
python:bcrypt@5.0.0,bcrypt,python,5.0.0,Apache-2.0,https://opensource.org/license/apache-2-0;https://opensource.org/licenses/Apache-2.0;https://spdx.org/licenses/Apache-2.0.html;https://www.apache.org/licenses/LICENSE-2.0,/home/openserverless/.cache/uv/archive-v0/BPwjJ17GQwJAxGxU/bcrypt-5.0.0.dist-info/METADATA
python:blinker@1.9.0,blinker,python,1.9.0,MIT,http://opensource.org/licenses/MIT;https://opensource.org/license/mit/;https://spdx.org/licenses/MIT.html,/home/openserverless/.cache/uv/archive-v0/PTPfrNnRE9kU23B_/blinker-1.9.0.dist-info/LICENSE.txt
python:certifi@2026.7.22,certifi,python,2026.7.22,MPL-2.0,https://opensource.org/licenses/MPL-2.0;https://spdx.org/licenses/MPL-2.0.html;https://www.mozilla.org/MPL/2.0/,/home/openserverless/.cache/uv/archive-v0/aZvanjXgFD9mpui6/certifi-2026.7.22.dist-info/METADATA
python:cffi@2.1.1,cffi,python,2.1.1,MIT-0,https://github.com/aws/mit-0;https://github.com/awsdocs/aws-cloud9-user-guide/blob/master/LICENSE-SAMPLECODE;https://romanrm.net/mit-zero;https://spdx.org/licenses/MIT-0.html,/home/openserverless/.cache/uv/archive-v0/io7XMr4yghXLaNM4/cffi-2.1.1.dist-info/METADATA
python:charset-normalizer@3.5.1,charset-normalizer,python,3.5.1,MIT,http://opensource.org/licenses/MIT;https://opensource.org/license/mit/;https://spdx.org/licenses/MIT.html,/home/openserverless/.cache/uv/archive-v0/GTaEMiaV4UgoTpsi/charset_normalizer-3.5.1.dist-info/METADATA
python:click@8.5.0,click,python,8.5.0,BSD-3-Clause,https://opensource.org/licenses/BSD-3-Clause;https://spdx.org/licenses/BSD-3-Clause.html;https://www.eclipse.org/org/documents/edl-v10.php,/home/openserverless/.cache/uv/archive-v0/smDfCEgQk3l73J8A/click-8.5.0.dist-info/METADATA
python:cryptography@50.0.1,cryptography,python,50.0.1,Apache-2.0 OR BSD-3-Clause,https://opensource.org/license/apache-2-0;https://opensource.org/licenses/Apache-2.0;https://opensource.org/licenses/BSD-3-Clause;https://spdx.org/licenses/Apache-2.0.html;https://spdx.org/licenses/BSD-3-Clause.html;https://www.apache.org/licenses/LICENSE-2.0;https://www.eclipse.org/org/documents/edl-v10.php,/home/openserverless/.cache/uv/archive-v0/5oc-Ie7bvOcQy6Kk/cryptography-50.0.1.dist-info/METADATA
python:flasgger@0.9.7.1,flasgger,python,0.9.7.1,MIT,http://opensource.org/licenses/MIT;https://opensource.org/license/mit/;https://spdx.org/licenses/MIT.html,/home/openserverless/.cache/uv/archive-v0/cjdWXa9syKoRSBtm/flasgger-0.9.7.1.dist-info/METADATA
python:flasgger-package@0.0.1,flasgger-package,python,0.0.1,MIT,http://opensource.org/licenses/MIT;https://opensource.org/license/mit/;https://spdx.org/licenses/MIT.html,/home/openserverless/.cache/uv/sdists-v9/pypi/flasgger/0.9.7.1/SM3Y9EO3AyvGIhhN/src/etc/flasgger_package/flasgger_package.egg-info/PKG-INFO
python:flask@3.1.3,flask,python,3.1.3,BSD-3-Clause,https://opensource.org/licenses/BSD-3-Clause;https://spdx.org/licenses/BSD-3-Clause.html;https://www.eclipse.org/org/documents/edl-v10.php,/home/openserverless/.cache/uv/archive-v0/dznQBJau7zG-9Hdz/flask-3.1.3.dist-info/METADATA
python:flask-cors@6.0.5,flask-cors,python,6.0.5,MIT,http://opensource.org/licenses/MIT;https://opensource.org/license/mit/;https://spdx.org/licenses/MIT.html,/home/openserverless/.cache/uv/archive-v0/hJ0OWZ7-VbRzaDtJ/flask_cors-6.0.5.dist-info/METADATA
python:flatdict@4.1.0,flatdict,python,4.1.0,BSD-3-Clause,https://opensource.org/licenses/BSD-3-Clause;https://spdx.org/licenses/BSD-3-Clause.html;https://www.eclipse.org/org/documents/edl-v10.php,/home/openserverless/.cache/uv/archive-v0/Sxw9Ea26Z18GR8ug/flatdict-4.1.0.dist-info/METADATA
python:frozenlist@1.8.0,frozenlist,python,1.8.0,Apache-2.0,https://opensource.org/license/apache-2-0;https://opensource.org/licenses/Apache-2.0;https://spdx.org/licenses/Apache-2.0.html;https://www.apache.org/licenses/LICENSE-2.0,/home/openserverless/.cache/uv/archive-v0/kYnQ9AbHEXpQrUT_/frozenlist-1.8.0.dist-info/METADATA
python:h11@0.16.0,h11,python,0.16.0,MIT,http://opensource.org/licenses/MIT;https://opensource.org/license/mit/;https://spdx.org/licenses/MIT.html,/home/openserverless/.cache/uv/archive-v0/5spsxhsJaJ368qEU/h11-0.16.0.dist-info/METADATA
python:httpcore@1.0.9,httpcore,python,1.0.9,BSD-3-Clause,https://opensource.org/licenses/BSD-3-Clause;https://spdx.org/licenses/BSD-3-Clause.html;https://www.eclipse.org/org/documents/edl-v10.php,/home/openserverless/.cache/uv/archive-v0/DidssSV_IGNfLPbU/httpcore-1.0.9.dist-info/METADATA
python:httpx@0.28.1,httpx,python,0.28.1,BSD-3-Clause,https://opensource.org/licenses/BSD-3-Clause;https://spdx.org/licenses/BSD-3-Clause.html;https://www.eclipse.org/org/documents/edl-v10.php,/home/openserverless/.cache/uv/archive-v0/A7WKicGxzzOy3Z8z/httpx-0.28.1.dist-info/METADATA
python:idna@3.19,idna,python,3.19,BSD-3-Clause,https://opensource.org/licenses/BSD-3-Clause;https://spdx.org/licenses/BSD-3-Clause.html;https://www.eclipse.org/org/documents/edl-v10.php,/home/openserverless/.cache/uv/archive-v0/6kQ5NO_sDgOBFuUC/idna-3.19.dist-info/METADATA
python:importlib-metadata@8.7.1,importlib-metadata,python,8.7.1,Apache-2.0,https://opensource.org/license/apache-2-0;https://opensource.org/licenses/Apache-2.0;https://spdx.org/licenses/Apache-2.0.html;https://www.apache.org/licenses/LICENSE-2.0,/home/openserverless/.cache/uv/archive-v0/SEsXF-VsuG6LVHF6/setuptools/_vendor/importlib_metadata-8.7.1.dist-info/METADATA
python:itsdangerous@2.2.0,itsdangerous,python,2.2.0,BSD-3-Clause,https://opensource.org/licenses/BSD-3-Clause;https://spdx.org/licenses/BSD-3-Clause.html;https://www.eclipse.org/org/documents/edl-v10.php,/home/openserverless/.cache/uv/archive-v0/CRV5_JvBVycZ1qUO/itsdangerous-2.2.0.dist-info/LICENSE.txt
python:jaraco-context@6.1.0,jaraco-context,python,6.1.0,MIT,http://opensource.org/licenses/MIT;https://opensource.org/license/mit/;https://spdx.org/licenses/MIT.html,/home/openserverless/.cache/uv/archive-v0/SEsXF-VsuG6LVHF6/setuptools/_vendor/jaraco_context-6.1.0.dist-info/METADATA
python:jaraco-functools@4.4.0,jaraco-functools,python,4.4.0,MIT,http://opensource.org/licenses/MIT;https://opensource.org/license/mit/;https://spdx.org/licenses/MIT.html,/home/openserverless/.cache/uv/archive-v0/SEsXF-VsuG6LVHF6/setuptools/_vendor/jaraco_functools-4.4.0.dist-info/METADATA
python:jaraco-text@4.0.0,jaraco-text,python,4.0.0,MIT,http://opensource.org/licenses/MIT;https://opensource.org/license/mit/;https://spdx.org/licenses/MIT.html,/home/openserverless/.cache/uv/archive-v0/SEsXF-VsuG6LVHF6/setuptools/_vendor/jaraco.text-4.0.0.dist-info/LICENSE
python:jinja2@3.1.6,jinja2,python,3.1.6,"","",""
python:jsonschema@4.26.0,jsonschema,python,4.26.0,MIT,http://opensource.org/licenses/MIT;https://opensource.org/license/mit/;https://spdx.org/licenses/MIT.html,/home/openserverless/.cache/uv/archive-v0/ft5nZtL2fTzzPQq2/jsonschema-4.26.0.dist-info/METADATA
python:jsonschema-specifications@2025.9.1,jsonschema-specifications,python,2025.9.1,MIT,http://opensource.org/licenses/MIT;https://opensource.org/license/mit/;https://spdx.org/licenses/MIT.html,/home/openserverless/.cache/uv/archive-v0/ceLKPN-Ef6r58eDs/jsonschema_specifications-2025.9.1.dist-info/METADATA
python:markupsafe@3.0.3,markupsafe,python,3.0.3,BSD-3-Clause,https://opensource.org/licenses/BSD-3-Clause;https://spdx.org/licenses/BSD-3-Clause.html;https://www.eclipse.org/org/documents/edl-v10.php,/home/openserverless/.cache/uv/archive-v0/YeFM7dohFeMMuNrA/markupsafe-3.0.3.dist-info/METADATA
python:minio@7.1.13,minio,python,7.1.13,Apache-2.0,https://opensource.org/license/apache-2-0;https://opensource.org/licenses/Apache-2.0;https://spdx.org/licenses/Apache-2.0.html;https://www.apache.org/licenses/LICENSE-2.0,/home/openserverless/.cache/uv/archive-v0/8h_swWQLj1LMkQuC/minio-7.1.13.dist-info/METADATA
python:mistune@3.3.4,mistune,python,3.3.4,BSD-3-Clause,https://opensource.org/licenses/BSD-3-Clause;https://spdx.org/licenses/BSD-3-Clause.html;https://www.eclipse.org/org/documents/edl-v10.php,/home/openserverless/.cache/uv/archive-v0/mzj2ie3DJLrstFf1/mistune-3.3.4.dist-info/METADATA
python:more-itertools@10.8.0,more-itertools,python,10.8.0,MIT,http://opensource.org/licenses/MIT;https://opensource.org/license/mit/;https://spdx.org/licenses/MIT.html,/home/openserverless/.cache/uv/archive-v0/SEsXF-VsuG6LVHF6/setuptools/_vendor/more_itertools-10.8.0.dist-info/METADATA
python:multidict@6.7.1,multidict,python,6.7.1,Apache License 2.0,"",/home/openserverless/.cache/uv/archive-v0/3EZNUHJMGmoDtBBw/multidict-6.7.1.dist-info/METADATA
python:packaging@26.0,packaging,python,26.0,Apache-2.0 OR BSD-2-Clause,https://opensource.org/license/apache-2-0;https://opensource.org/licenses/Apache-2.0;https://opensource.org/licenses/BSD-2-Clause;https://spdx.org/licenses/Apache-2.0.html;https://spdx.org/licenses/BSD-2-Clause.html;https://www.apache.org/licenses/LICENSE-2.0,/home/openserverless/.cache/uv/archive-v0/SEsXF-VsuG6LVHF6/setuptools/_vendor/packaging-26.0.dist-info/METADATA
python:packaging@26.3,packaging,python,26.3,Apache-2.0 OR BSD-2-Clause,https://opensource.org/license/apache-2-0;https://opensource.org/licenses/Apache-2.0;https://opensource.org/licenses/BSD-2-Clause;https://spdx.org/licenses/Apache-2.0.html;https://spdx.org/licenses/BSD-2-Clause.html;https://www.apache.org/licenses/LICENSE-2.0,/home/openserverless/.cache/uv/archive-v0/0-qC02iBxnplUUbf/packaging-26.3.dist-info/METADATA
python:pip@25.0.1,pip,python,25.0.1,MIT,http://opensource.org/licenses/MIT;https://opensource.org/license/mit/;https://spdx.org/licenses/MIT.html,/usr/local/lib/python3.12/site-packages/pip-25.0.1.dist-info/METADATA
python:platformdirs@4.4.0,platformdirs,python,4.4.0,MIT,http://opensource.org/licenses/MIT;https://opensource.org/license/mit/;https://spdx.org/licenses/MIT.html,/home/openserverless/.cache/uv/archive-v0/SEsXF-VsuG6LVHF6/setuptools/_vendor/platformdirs-4.4.0.dist-info/METADATA
python:propcache@0.5.2,propcache,python,0.5.2,Apache-2.0,https://opensource.org/license/apache-2-0;https://opensource.org/licenses/Apache-2.0;https://spdx.org/licenses/Apache-2.0.html;https://www.apache.org/licenses/LICENSE-2.0,/home/openserverless/.cache/uv/archive-v0/7nzbz34mOq1pXIOm/propcache-0.5.2.dist-info/METADATA
python:psycopg@3.1.18,psycopg,python,3.1.18,GNU Lesser General Public License v3 (LGPLv3),"",/home/openserverless/.cache/uv/archive-v0/Buja8QLYUV_OgCaS/psycopg-3.1.18.dist-info/METADATA
python:psycopg-binary@3.1.18,psycopg-binary,python,3.1.18,GNU Lesser General Public License v3 (LGPLv3),"",/home/openserverless/.cache/uv/archive-v0/8QWwsqJJeP77NLad/psycopg_binary-3.1.18.dist-info/METADATA
python:pycparser@3.0,pycparser,python,3.0,BSD-3-Clause,https://opensource.org/licenses/BSD-3-Clause;https://spdx.org/licenses/BSD-3-Clause.html;https://www.eclipse.org/org/documents/edl-v10.php,/home/openserverless/.cache/uv/archive-v0/lHBpRAJDhE2eAkgw/pycparser-3.0.dist-info/METADATA
python:pydantic@2.13.5,pydantic,python,2.13.5,MIT,http://opensource.org/licenses/MIT;https://opensource.org/license/mit/;https://spdx.org/licenses/MIT.html,/home/openserverless/.cache/uv/archive-v0/eQep-3wTHpXE9Z_k/pydantic-2.13.5.dist-info/METADATA
python:pydantic-core@2.46.5,pydantic-core,python,2.46.5,MIT,http://opensource.org/licenses/MIT;https://opensource.org/license/mit/;https://spdx.org/licenses/MIT.html,/home/openserverless/.cache/uv/archive-v0/A44znajWEwExLJ4F/pydantic_core-2.46.5.dist-info/METADATA
python:pyjwt@2.13.0,pyjwt,python,2.13.0,MIT,http://opensource.org/licenses/MIT;https://opensource.org/license/mit/;https://spdx.org/licenses/MIT.html,/home/openserverless/.cache/uv/archive-v0/BDE-IrVBhplPXdco/pyjwt-2.13.0.dist-info/METADATA
python:python-dotenv@1.2.3,python-dotenv,python,1.2.3,BSD-3-Clause,https://opensource.org/licenses/BSD-3-Clause;https://spdx.org/licenses/BSD-3-Clause.html;https://www.eclipse.org/org/documents/edl-v10.php,/home/openserverless/.cache/uv/archive-v0/DbkgTKWBxt5A1gK7/python_dotenv-1.2.3.dist-info/METADATA
python:pyyaml@6.0.3,pyyaml,python,6.0.3,MIT,http://opensource.org/licenses/MIT;https://opensource.org/license/mit/;https://spdx.org/licenses/MIT.html,/home/openserverless/.cache/uv/archive-v0/LGMDjs-qDkxCwNKf/pyyaml-6.0.3.dist-info/METADATA
python:redis@8.1.0,redis,python,8.1.0,MIT,http://opensource.org/licenses/MIT;https://opensource.org/license/mit/;https://spdx.org/licenses/MIT.html,/home/openserverless/.cache/uv/archive-v0/Sh7EAIF2YcWB5-2D/redis-8.1.0.dist-info/METADATA
python:referencing@0.37.0,referencing,python,0.37.0,MIT,http://opensource.org/licenses/MIT;https://opensource.org/license/mit/;https://spdx.org/licenses/MIT.html,/home/openserverless/.cache/uv/archive-v0/F0ch6hWWOS2YCkTT/referencing-0.37.0.dist-info/METADATA
python:requests@2.34.2,requests,python,2.34.2,Apache-2.0,https://opensource.org/license/apache-2-0;https://opensource.org/licenses/Apache-2.0;https://spdx.org/licenses/Apache-2.0.html;https://www.apache.org/licenses/LICENSE-2.0,/home/openserverless/.cache/uv/archive-v0/BSYHQMMNxZtbGA3k/requests-2.34.2.dist-info/METADATA
python:rpds-py@2026.6.3,rpds-py,python,2026.6.3,MIT,http://opensource.org/licenses/MIT;https://opensource.org/license/mit/;https://spdx.org/licenses/MIT.html,/home/openserverless/.cache/uv/archive-v0/AGEM2xKdv2_8Vgoo/rpds_py-2026.6.3.dist-info/METADATA
python:setuptools@84.0.0,setuptools,python,84.0.0,MIT,http://opensource.org/licenses/MIT;https://opensource.org/license/mit/;https://spdx.org/licenses/MIT.html,/home/openserverless/.cache/uv/archive-v0/SEsXF-VsuG6LVHF6/setuptools-84.0.0.dist-info/METADATA
python:six@1.17.0,six,python,1.17.0,MIT,http://opensource.org/licenses/MIT;https://opensource.org/license/mit/;https://spdx.org/licenses/MIT.html,/home/openserverless/.cache/uv/archive-v0/tvyN-Q42H_uwlTD9/six-1.17.0.dist-info/METADATA
python:tomli@2.4.0,tomli,python,2.4.0,MIT,http://opensource.org/licenses/MIT;https://opensource.org/license/mit/;https://spdx.org/licenses/MIT.html,/home/openserverless/.cache/uv/archive-v0/SEsXF-VsuG6LVHF6/setuptools/_vendor/tomli-2.4.0.dist-info/METADATA
python:typing-extensions@4.16.0,typing-extensions,python,4.16.0,PSF-2.0,https://matplotlib.org/stable/project/license.html;https://opensource.org/licenses/Python-2.0;https://spdx.org/licenses/PSF-2.0.html,/home/openserverless/.cache/uv/archive-v0/XMz3qVUTsIOySArj/typing_extensions-4.16.0.dist-info/METADATA
python:typing-inspection@0.4.4,typing-inspection,python,0.4.4,MIT,http://opensource.org/licenses/MIT;https://opensource.org/license/mit/;https://spdx.org/licenses/MIT.html,/home/openserverless/.cache/uv/archive-v0/LzWYFF9NxSw4oti5/typing_inspection-0.4.4.dist-info/METADATA
python:urllib3@2.7.0,urllib3,python,2.7.0,MIT,http://opensource.org/licenses/MIT;https://opensource.org/license/mit/;https://spdx.org/licenses/MIT.html,/home/openserverless/.cache/uv/archive-v0/8_jwrXDxWVoT8z4e/urllib3-2.7.0.dist-info/METADATA
python:uv@0.12.9,uv,python,0.12.9,Apache-2.0 OR MIT,http://opensource.org/licenses/MIT;https://opensource.org/license/apache-2-0;https://opensource.org/license/mit/;https://opensource.org/licenses/Apache-2.0;https://spdx.org/licenses/Apache-2.0.html;https://spdx.org/licenses/MIT.html;https://www.apache.org/licenses/LICENSE-2.0,/usr/local/lib/python3.12/site-packages/uv-0.12.9.dist-info/METADATA
python:waitress@3.0.2,waitress,python,3.0.2,ZPL 2.1,"",/home/openserverless/.cache/uv/archive-v0/LNLR6y05sljFGC2G/waitress-3.0.2.dist-info/METADATA
python:werkzeug@3.1.8,werkzeug,python,3.1.8,BSD-3-Clause,https://opensource.org/licenses/BSD-3-Clause;https://spdx.org/licenses/BSD-3-Clause.html;https://www.eclipse.org/org/documents/edl-v10.php,/home/openserverless/.cache/uv/archive-v0/wnbeOycVY6ughBKy/werkzeug-3.1.8.dist-info/METADATA
python:wheel@0.46.3,wheel,python,0.46.3,MIT,http://opensource.org/licenses/MIT;https://opensource.org/license/mit/;https://spdx.org/licenses/MIT.html,/home/openserverless/.cache/uv/archive-v0/SEsXF-VsuG6LVHF6/setuptools/_vendor/wheel-0.46.3.dist-info/METADATA
python:yarl@1.24.5,yarl,python,1.24.5,Apache-2.0,https://opensource.org/license/apache-2-0;https://opensource.org/licenses/Apache-2.0;https://spdx.org/licenses/Apache-2.0.html;https://www.apache.org/licenses/LICENSE-2.0,/home/openserverless/.cache/uv/archive-v0/xVtWvLHo-XM2Hn8r/yarl-1.24.5.dist-info/METADATA
python:zipp@3.23.0,zipp,python,3.23.0,MIT,http://opensource.org/licenses/MIT;https://opensource.org/license/mit/;https://spdx.org/licenses/MIT.html,/home/openserverless/.cache/uv/archive-v0/SEsXF-VsuG6LVHF6/setuptools/_vendor/zipp-3.23.0.dist-info/METADATA
rust-crate:adler2@2.0.1,adler2,rust-crate,2.0.1,"","",""
rust-crate:aes@0.8.4,aes,rust-crate,0.8.4,"","",""
rust-crate:aho-corasick@1.1.4,aho-corasick,rust-crate,1.1.4,"","",""
rust-crate:allocator-api2@0.2.21,allocator-api2,rust-crate,0.2.21,"","",""
rust-crate:ambient-authority@0.0.2,ambient-authority,rust-crate,0.0.2,"","",""
rust-crate:ambient-id@0.0.11,ambient-id,rust-crate,0.0.11,"","",""
rust-crate:anstream@1.0.0,anstream,rust-crate,1.0.0,"","",""
rust-crate:anstyle@1.0.14,anstyle,rust-crate,1.0.14,"","",""
rust-crate:anstyle-parse@1.0.0,anstyle-parse,rust-crate,1.0.0,"","",""
rust-crate:anstyle-query@1.1.5,anstyle-query,rust-crate,1.1.5,"","",""
rust-crate:anyhow@1.0.104,anyhow,rust-crate,1.0.104,"","",""
rust-crate:archive-trait@0.0.14,archive-trait,rust-crate,0.0.14,"","",""
rust-crate:arcstr@1.2.0,arcstr,rust-crate,1.2.0,"","",""
rust-crate:arrayref@0.3.9,arrayref,rust-crate,0.3.9,"","",""
rust-crate:arrayvec@0.7.8,arrayvec,rust-crate,0.7.8,"","",""
rust-crate:asn1-rs@0.7.1,asn1-rs,rust-crate,0.7.1,"","",""
rust-crate:asn1-rs-impl@0.2.0,asn1-rs-impl,rust-crate,0.2.0,"","",""
rust-crate:assert-json-diff@2.0.2,assert-json-diff,rust-crate,2.0.2,"","",""
rust-crate:assert_cmd@2.2.2,assert_cmd,rust-crate,2.2.2,"","",""
rust-crate:assert_fs@1.1.4,assert_fs,rust-crate,1.1.4,"","",""
rust-crate:astral-pubgrub@0.6.1,astral-pubgrub,rust-crate,0.6.1,"","",""
rust-crate:astral-reqwest-middleware@0.5.1,astral-reqwest-middleware,rust-crate,0.5.1,"","",""
rust-crate:astral-reqwest-retry@0.9.1,astral-reqwest-retry,rust-crate,0.9.1,"","",""
rust-crate:astral-tl@0.8.0,astral-tl,rust-crate,0.8.0,"","",""
rust-crate:astral-tokio-tar@0.7.0,astral-tokio-tar,rust-crate,0.7.0,"","",""
rust-crate:astral-version-ranges@0.2.2,astral-version-ranges,rust-crate,0.2.2,"","",""
rust-crate:astral_async_http_range_reader@0.11.1,astral_async_http_range_reader,rust-crate,0.11.1,"","",""
rust-crate:astral_async_zip@0.0.20,astral_async_zip,rust-crate,0.0.20,"","",""
rust-crate:async-broadcast@0.7.2,async-broadcast,rust-crate,0.7.2,"","",""
rust-crate:async-channel@2.5.0,async-channel,rust-crate,2.5.0,"","",""
rust-crate:async-compression@0.4.19,async-compression,rust-crate,0.4.19,"","",""
rust-crate:async-recursion@1.1.1,async-recursion,rust-crate,1.1.1,"","",""
rust-crate:async-trait@0.1.91,async-trait,rust-crate,0.1.91,"","",""
rust-crate:atomic-waker@1.1.2,atomic-waker,rust-crate,1.1.2,"","",""
rust-crate:aws-lc-rs@1.18.0,aws-lc-rs,rust-crate,1.18.0,"","",""
rust-crate:aws-lc-sys@0.44.0,aws-lc-sys,rust-crate,0.44.0,"","",""
rust-crate:axoasset@2.0.1,axoasset,rust-crate,2.0.1,"","",""
rust-crate:axoprocess@0.2.1,axoprocess,rust-crate,0.2.1,"","",""
rust-crate:axotag@0.3.0,axotag,rust-crate,0.3.0,"","",""
rust-crate:axoupdater@0.10.0,axoupdater,rust-crate,0.10.0,"","",""
rust-crate:base64@0.22.1,base64,rust-crate,0.22.1,"","",""
rust-crate:base64@0.23.1,base64,rust-crate,0.23.1,"","",""
rust-crate:base64ct@1.8.3,base64ct,rust-crate,1.8.3,"","",""
rust-crate:bitflags@1.3.2,bitflags,rust-crate,1.3.2,"","",""
rust-crate:bitflags@2.13.1,bitflags,rust-crate,2.13.1,"","",""
rust-crate:blake2@0.11.0-rc.6,blake2,rust-crate,0.11.0-rc.6,"","",""
rust-crate:blake3@1.8.6,blake3,rust-crate,1.8.6,"","",""
rust-crate:block-buffer@0.10.4,block-buffer,rust-crate,0.10.4,"","",""
rust-crate:block-buffer@0.12.1,block-buffer,rust-crate,0.12.1,"","",""
rust-crate:block-padding@0.3.3,block-padding,rust-crate,0.3.3,"","",""
rust-crate:borrow-or-share@0.2.4,borrow-or-share,rust-crate,0.2.4,"","",""
rust-crate:boxcar@0.2.14,boxcar,rust-crate,0.2.14,"","",""
rust-crate:bstr@1.12.1,bstr,rust-crate,1.12.1,"","",""
rust-crate:bytecheck@0.8.2,bytecheck,rust-crate,0.8.2,"","",""
rust-crate:bytemuck@1.25.0,bytemuck,rust-crate,1.25.0,"","",""
rust-crate:byteorder-lite@0.1.0,byteorder-lite,rust-crate,0.1.0,"","",""
rust-crate:bytes@1.12.1,bytes,rust-crate,1.12.1,"","",""
rust-crate:camino@1.2.2,camino,rust-crate,1.2.2,"","",""
rust-crate:cap-primitives@4.0.3,cap-primitives,rust-crate,4.0.3,"","",""
rust-crate:cap-std@4.0.3,cap-std,rust-crate,4.0.3,"","",""
rust-crate:cargo-util@0.2.30,cargo-util,rust-crate,0.2.30,"","",""
rust-crate:cbc@0.1.2,cbc,rust-crate,0.1.2,"","",""
rust-crate:cfg-if@1.0.4,cfg-if,rust-crate,1.0.4,"","",""
rust-crate:charset@0.1.5,charset,rust-crate,0.1.5,"","",""
rust-crate:cipher@0.4.4,cipher,rust-crate,0.4.4,"","",""
rust-crate:clap@4.6.5,clap,rust-crate,4.6.5,"","",""
rust-crate:clap_builder@4.6.5,clap_builder,rust-crate,4.6.5,"","",""
rust-crate:clap_complete@4.6.0,clap_complete,rust-crate,4.6.0,"","",""
rust-crate:clap_complete_command@0.6.1,clap_complete_command,rust-crate,0.6.1,"","",""
rust-crate:clap_complete_nushell@4.6.0,clap_complete_nushell,rust-crate,4.6.0,"","",""
rust-crate:clap_lex@1.1.0,clap_lex,rust-crate,1.1.0,"","",""
rust-crate:cmov@0.5.4,cmov,rust-crate,0.5.4,"","",""
rust-crate:colorchoice@1.0.5,colorchoice,rust-crate,1.0.5,"","",""
rust-crate:concurrent-queue@2.5.0,concurrent-queue,rust-crate,2.5.0,"","",""
rust-crate:configparser@3.2.0,configparser,rust-crate,3.2.0,"","",""
rust-crate:console@0.16.4,console,rust-crate,0.16.4,"","",""
rust-crate:const-oid@0.10.2,const-oid,rust-crate,0.10.2,"","",""
rust-crate:const-oid@0.9.6,const-oid,rust-crate,0.9.6,"","",""
rust-crate:const-random@0.1.18,const-random,rust-crate,0.1.18,"","",""
rust-crate:constant_time_eq@0.4.2,constant_time_eq,rust-crate,0.4.2,"","",""
rust-crate:cpufeatures@0.2.17,cpufeatures,rust-crate,0.2.17,"","",""
rust-crate:cpufeatures@0.3.0,cpufeatures,rust-crate,0.3.0,"","",""
rust-crate:crc32fast@1.5.0,crc32fast,rust-crate,1.5.0,"","",""
rust-crate:crossbeam-channel@0.5.15,crossbeam-channel,rust-crate,0.5.15,"","",""
rust-crate:crossbeam-deque@0.8.6,crossbeam-deque,rust-crate,0.8.6,"","",""
rust-crate:crossbeam-epoch@0.9.18,crossbeam-epoch,rust-crate,0.9.18,"","",""
rust-crate:crossbeam-utils@0.8.21,crossbeam-utils,rust-crate,0.8.21,"","",""
rust-crate:crypto-common@0.1.7,crypto-common,rust-crate,0.1.7,"","",""
rust-crate:crypto-common@0.2.2,crypto-common,rust-crate,0.2.2,"","",""
rust-crate:csv@1.4.0,csv,rust-crate,1.4.0,"","",""
rust-crate:csv-core@0.1.13,csv-core,rust-crate,0.1.13,"","",""
rust-crate:ctrlc@3.5.2,ctrlc,rust-crate,3.5.2,"","",""
rust-crate:ctutils@0.4.2,ctutils,rust-crate,0.4.2,"","",""
rust-crate:cyclonedx-bom@0.8.1,cyclonedx-bom,rust-crate,0.8.1,"","",""
rust-crate:cyclonedx-bom-macros@0.1.0,cyclonedx-bom-macros,rust-crate,0.1.0,"","",""
rust-crate:data-encoding@2.11.0,data-encoding,rust-crate,2.11.0,"","",""
rust-crate:deadpool@0.12.3,deadpool,rust-crate,0.12.3,"","",""
rust-crate:deadpool-runtime@0.1.4,deadpool-runtime,rust-crate,0.1.4,"","",""
rust-crate:defmt@1.1.0,defmt,rust-crate,1.1.0,"","",""
rust-crate:defmt-macros@1.1.0,defmt-macros,rust-crate,1.1.0,"","",""
rust-crate:defmt-parser@1.0.0,defmt-parser,rust-crate,1.0.0,"","",""
rust-crate:der@0.7.10,der,rust-crate,0.7.10,"","",""
rust-crate:der-parser@10.0.0,der-parser,rust-crate,10.0.0,"","",""
rust-crate:deranged@0.5.8,deranged,rust-crate,0.5.8,"","",""
rust-crate:difflib@0.4.0,difflib,rust-crate,0.4.0,"","",""
rust-crate:digest@0.10.7,digest,rust-crate,0.10.7,"","",""
rust-crate:digest@0.11.3,digest,rust-crate,0.11.3,"","",""
rust-crate:dirs@6.0.0,dirs,rust-crate,6.0.0,"","",""
rust-crate:dirs-sys@0.5.0,dirs-sys,rust-crate,0.5.0,"","",""
rust-crate:diskus@0.9.0,diskus,rust-crate,0.9.0,"","",""
rust-crate:displaydoc@0.2.5,displaydoc,rust-crate,0.2.5,"","",""
rust-crate:dlv-list@0.5.2,dlv-list,rust-crate,0.5.2,"","",""
rust-crate:dotenvy@0.15.7,dotenvy,rust-crate,0.15.7,"","",""
rust-crate:dunce@1.0.5,dunce,rust-crate,1.0.5,"","",""
rust-crate:dyn-clone@1.0.20,dyn-clone,rust-crate,1.0.20,"","",""
rust-crate:either@1.17.0,either,rust-crate,1.17.0,"","",""
rust-crate:encoding_rs@0.8.35,encoding_rs,rust-crate,0.8.35,"","",""
rust-crate:encoding_rs_io@0.1.7,encoding_rs_io,rust-crate,0.1.7,"","",""
rust-crate:endi@1.1.1,endi,rust-crate,1.1.1,"","",""
rust-crate:enumflags2@0.7.12,enumflags2,rust-crate,0.7.12,"","",""
rust-crate:equivalent@1.0.2,equivalent,rust-crate,1.0.2,"","",""
rust-crate:erased-serde@0.4.10,erased-serde,rust-crate,0.4.10,"","",""
rust-crate:errno@0.3.14,errno,rust-crate,0.3.14,"","",""
rust-crate:etcetera@0.11.0,etcetera,rust-crate,0.11.0,"","",""
rust-crate:event-listener@5.4.1,event-listener,rust-crate,5.4.1,"","",""
rust-crate:event-listener-strategy@0.5.4,event-listener-strategy,rust-crate,0.5.4,"","",""
rust-crate:fastrand@2.5.0,fastrand,rust-crate,2.5.0,"","",""
rust-crate:filetime@0.2.29,filetime,rust-crate,0.2.29,"","",""
rust-crate:fixedbitset@0.5.7,fixedbitset,rust-crate,0.5.7,"","",""
rust-crate:flate2@1.1.9,flate2,rust-crate,1.1.9,"","",""
rust-crate:float-cmp@0.10.0,float-cmp,rust-crate,0.10.0,"","",""
rust-crate:fluent-uri@0.4.1,fluent-uri,rust-crate,0.4.1,"","",""
rust-crate:fnv@1.0.7,fnv,rust-crate,1.0.7,"","",""
rust-crate:foldhash@0.1.5,foldhash,rust-crate,0.1.5,"","",""
rust-crate:foldhash@0.2.0,foldhash,rust-crate,0.2.0,"","",""
rust-crate:form_urlencoded@1.2.2,form_urlencoded,rust-crate,1.2.2,"","",""
rust-crate:fs-err@3.3.1,fs-err,rust-crate,3.3.1,"","",""
rust-crate:fs-set-times@0.20.3,fs-set-times,rust-crate,0.20.3,"","",""
rust-crate:futures@0.3.33,futures,rust-crate,0.3.33,"","",""
rust-crate:futures-channel@0.3.33,futures-channel,rust-crate,0.3.33,"","",""
rust-crate:futures-core@0.3.33,futures-core,rust-crate,0.3.33,"","",""
rust-crate:futures-executor@0.3.33,futures-executor,rust-crate,0.3.33,"","",""
rust-crate:futures-io@0.3.33,futures-io,rust-crate,0.3.33,"","",""
rust-crate:futures-lite@2.6.1,futures-lite,rust-crate,2.6.1,"","",""
rust-crate:futures-sink@0.3.33,futures-sink,rust-crate,0.3.33,"","",""
rust-crate:futures-task@0.3.33,futures-task,rust-crate,0.3.33,"","",""
rust-crate:futures-util@0.3.33,futures-util,rust-crate,0.3.33,"","",""
rust-crate:generic-array@0.14.7,generic-array,rust-crate,0.14.7,"","",""
rust-crate:getrandom@0.2.16,getrandom,rust-crate,0.2.16,"","",""
rust-crate:getrandom@0.3.4,getrandom,rust-crate,0.3.4,"","",""
rust-crate:getrandom@0.4.3,getrandom,rust-crate,0.4.3,"","",""
rust-crate:glob@0.3.4,glob,rust-crate,0.3.4,"","",""
rust-crate:globset@0.4.19,globset,rust-crate,0.4.19,"","",""
rust-crate:globwalk@0.9.1,globwalk,rust-crate,0.9.1,"","",""
rust-crate:goblin@0.10.7,goblin,rust-crate,0.10.7,"","",""
rust-crate:h2@0.4.15,h2,rust-crate,0.4.15,"","",""
rust-crate:hashbrown@0.14.5,hashbrown,rust-crate,0.14.5,"","",""
rust-crate:hashbrown@0.15.5,hashbrown,rust-crate,0.15.5,"","",""
rust-crate:hashbrown@0.17.1,hashbrown,rust-crate,0.17.1,"","",""
rust-crate:hex@0.4.3,hex,rust-crate,0.4.3,"","",""
rust-crate:hkdf@0.12.4,hkdf,rust-crate,0.12.4,"","",""
rust-crate:hmac@0.12.1,hmac,rust-crate,0.12.1,"","",""
rust-crate:hmac@0.13.0,hmac,rust-crate,0.13.0,"","",""
rust-crate:homedir@0.3.6,homedir,rust-crate,0.3.6,"","",""
rust-crate:html-escape@0.2.15,html-escape,rust-crate,0.2.15,"","",""
rust-crate:http@1.5.0,http,rust-crate,1.5.0,"","",""
rust-crate:http-body@1.0.1,http-body,rust-crate,1.0.1,"","",""
rust-crate:http-body-util@0.1.4,http-body-util,rust-crate,0.1.4,"","",""
rust-crate:http-content-range@0.2.4,http-content-range,rust-crate,0.2.4,"","",""
rust-crate:httparse@1.10.1,httparse,rust-crate,1.10.1,"","",""
rust-crate:httpdate@1.0.3,httpdate,rust-crate,1.0.3,"","",""
rust-crate:hybrid-array@0.4.13,hybrid-array,rust-crate,0.4.13,"","",""
rust-crate:hyper@1.10.1,hyper,rust-crate,1.10.1,"","",""
rust-crate:hyper-rustls@0.27.7,hyper-rustls,rust-crate,0.27.7,"","",""
rust-crate:hyper-util@0.1.20,hyper-util,rust-crate,0.1.20,"","",""
rust-crate:icu_collections@2.1.1,icu_collections,rust-crate,2.1.1,"","",""
rust-crate:icu_locale_core@2.1.1,icu_locale_core,rust-crate,2.1.1,"","",""
rust-crate:icu_normalizer@2.1.1,icu_normalizer,rust-crate,2.1.1,"","",""
rust-crate:icu_normalizer_data@2.1.1,icu_normalizer_data,rust-crate,2.1.1,"","",""
rust-crate:icu_properties@2.1.2,icu_properties,rust-crate,2.1.2,"","",""
rust-crate:icu_properties_data@2.1.2,icu_properties_data,rust-crate,2.1.2,"","",""
rust-crate:icu_provider@2.1.1,icu_provider,rust-crate,2.1.1,"","",""
rust-crate:idna@1.1.0,idna,rust-crate,1.1.0,"","",""
rust-crate:idna_adapter@1.2.1,idna_adapter,rust-crate,1.2.1,"","",""
rust-crate:ignore@0.4.31,ignore,rust-crate,0.4.31,"","",""
rust-crate:image@0.25.10,image,rust-crate,0.25.10,"","",""
rust-crate:indexmap@2.14.0,indexmap,rust-crate,2.14.0,"","",""
rust-crate:indicatif@0.18.6,indicatif,rust-crate,0.18.6,"","",""
rust-crate:indoc@2.0.7,indoc,rust-crate,2.0.7,"","",""
rust-crate:inout@0.1.4,inout,rust-crate,0.1.4,"","",""
rust-crate:insta@1.48.0,insta,rust-crate,1.48.0,"","",""
rust-crate:io-extras@0.19.0,io-extras,rust-crate,0.19.0,"","",""
rust-crate:io-lifetimes@2.0.4,io-lifetimes,rust-crate,2.0.4,"","",""
rust-crate:io-lifetimes@3.0.1,io-lifetimes,rust-crate,3.0.1,"","",""
rust-crate:ipnet@2.12.0,ipnet,rust-crate,2.12.0,"","",""
rust-crate:iri-string@0.7.10,iri-string,rust-crate,0.7.10,"","",""
rust-crate:is_ci@1.2.0,is_ci,rust-crate,1.2.0,"","",""
rust-crate:is_terminal_polyfill@1.70.2,is_terminal_polyfill,rust-crate,1.70.2,"","",""
rust-crate:itertools@0.14.0,itertools,rust-crate,0.14.0,"","",""
rust-crate:itoa@1.0.17,itoa,rust-crate,1.0.17,"","",""
rust-crate:jiff@0.2.35,jiff,rust-crate,0.2.35,"","",""
rust-crate:jiff-core@0.1.0,jiff-core,rust-crate,0.1.0,"","",""
rust-crate:jobserver@0.1.35,jobserver,rust-crate,0.1.35,"","",""
rust-crate:lazy_static@1.5.0,lazy_static,rust-crate,1.5.0,"","",""
rust-crate:libc@0.2.189,libc,rust-crate,0.2.189,"","",""
rust-crate:libm@0.2.16,libm,rust-crate,0.2.16,"","",""
rust-crate:linux-raw-sys@0.12.1,linux-raw-sys,rust-crate,0.12.1,"","",""
rust-crate:litemap@0.8.1,litemap,rust-crate,0.8.1,"","",""
rust-crate:lock_api@0.4.14,lock_api,rust-crate,0.4.14,"","",""
rust-crate:log@0.4.29,log,rust-crate,0.4.29,"","",""
rust-crate:lru-slab@0.1.2,lru-slab,rust-crate,0.1.2,"","",""
rust-crate:mailparse@0.16.1,mailparse,rust-crate,0.16.1,"","",""
rust-crate:matchers@0.2.0,matchers,rust-crate,0.2.0,"","",""
rust-crate:maybe-owned@0.3.4,maybe-owned,rust-crate,0.3.4,"","",""
rust-crate:md-5@0.11.0,md-5,rust-crate,0.11.0,"","",""
rust-crate:memchr@2.8.3,memchr,rust-crate,2.8.3,"","",""
rust-crate:memmap2@0.9.10,memmap2,rust-crate,0.9.10,"","",""
rust-crate:miette@7.6.0,miette,rust-crate,7.6.0,"","",""
rust-crate:mime@0.3.17,mime,rust-crate,0.3.17,"","",""
rust-crate:mime_guess@2.0.5,mime_guess,rust-crate,2.0.5,"","",""
rust-crate:minimal-lexical@0.2.1,minimal-lexical,rust-crate,0.2.1,"","",""
rust-crate:miniz_oxide@0.8.9,miniz_oxide,rust-crate,0.8.9,"","",""
rust-crate:mio@1.2.0,mio,rust-crate,1.2.0,"","",""
rust-crate:moxcms@0.8.1,moxcms,rust-crate,0.8.1,"","",""
rust-crate:munge@0.4.7,munge,rust-crate,0.4.7,"","",""
rust-crate:nix@0.30.1,nix,rust-crate,0.30.1,"","",""
rust-crate:nix@0.31.3,nix,rust-crate,0.31.3,"","",""
rust-crate:nom@7.1.3,nom,rust-crate,7.1.3,"","",""
rust-crate:normalize-line-endings@0.3.0,normalize-line-endings,rust-crate,0.3.0,"","",""
rust-crate:nu-ansi-term@0.50.3,nu-ansi-term,rust-crate,0.50.3,"","",""
rust-crate:num@0.4.3,num,rust-crate,0.4.3,"","",""
rust-crate:num-bigint@0.4.6,num-bigint,rust-crate,0.4.6,"","",""
rust-crate:num-bigint-dig@0.8.6,num-bigint-dig,rust-crate,0.8.6,"","",""
rust-crate:num-complex@0.4.6,num-complex,rust-crate,0.4.6,"","",""
rust-crate:num-conv@0.2.0,num-conv,rust-crate,0.2.0,"","",""
rust-crate:num-integer@0.1.46,num-integer,rust-crate,0.1.46,"","",""
rust-crate:num-iter@0.1.45,num-iter,rust-crate,0.1.45,"","",""
rust-crate:num-rational@0.4.2,num-rational,rust-crate,0.4.2,"","",""
rust-crate:num-traits@0.2.19,num-traits,rust-crate,0.2.19,"","",""
rust-crate:num_cpus@1.17.0,num_cpus,rust-crate,1.17.0,"","",""
rust-crate:oid-registry@0.8.1,oid-registry,rust-crate,0.8.1,"","",""
rust-crate:once_cell@1.21.4,once_cell,rust-crate,1.21.4,"","",""
rust-crate:openssl-probe@0.2.1,openssl-probe,rust-crate,0.2.1,"","",""
rust-crate:option-ext@0.2.0,option-ext,rust-crate,0.2.0,"","",""
rust-crate:ordered-float@5.3.0,ordered-float,rust-crate,5.3.0,"","",""
rust-crate:ordered-multimap@0.7.3,ordered-multimap,rust-crate,0.7.3,"","",""
rust-crate:ordered-stream@0.2.0,ordered-stream,rust-crate,0.2.0,"","",""
rust-crate:os_str_bytes@6.6.1,os_str_bytes,rust-crate,6.6.1,"","",""
rust-crate:owo-colors@4.3.0,owo-colors,rust-crate,4.3.0,"","",""
rust-crate:papaya@0.2.4,papaya,rust-crate,0.2.4,"","",""
rust-crate:parking@2.2.1,parking,rust-crate,2.2.1,"","",""
rust-crate:parking_lot@0.12.5,parking_lot,rust-crate,0.12.5,"","",""
rust-crate:parking_lot_core@0.9.12,parking_lot_core,rust-crate,0.9.12,"","",""
rust-crate:path-slash@0.2.1,path-slash,rust-crate,0.2.1,"","",""
rust-crate:pathdiff@0.2.3,pathdiff,rust-crate,0.2.3,"","",""
rust-crate:pbkdf2@0.12.2,pbkdf2,rust-crate,0.12.2,"","",""
rust-crate:pem@3.0.6,pem,rust-crate,3.0.6,"","",""
rust-crate:pem-rfc7468@0.7.0,pem-rfc7468,rust-crate,0.7.0,"","",""
rust-crate:percent-encoding@2.3.2,percent-encoding,rust-crate,2.3.2,"","",""
rust-crate:pest@2.8.6,pest,rust-crate,2.8.6,"","",""
rust-crate:pest_derive@2.8.6,pest_derive,rust-crate,2.8.6,"","",""
rust-crate:pest_generator@2.8.6,pest_generator,rust-crate,2.8.6,"","",""
rust-crate:pest_meta@2.8.6,pest_meta,rust-crate,2.8.6,"","",""
rust-crate:petgraph@0.8.3,petgraph,rust-crate,0.8.3,"","",""
rust-crate:pin-project@1.1.11,pin-project,rust-crate,1.1.11,"","",""
rust-crate:pin-project-lite@0.2.17,pin-project-lite,rust-crate,0.2.17,"","",""
rust-crate:pkcs1@0.7.5,pkcs1,rust-crate,0.7.5,"","",""
rust-crate:pkcs5@0.7.1,pkcs5,rust-crate,0.7.1,"","",""
rust-crate:pkcs8@0.10.2,pkcs8,rust-crate,0.10.2,"","",""
rust-crate:plain@0.2.3,plain,rust-crate,0.2.3,"","",""
rust-crate:portable-atomic@1.13.1,portable-atomic,rust-crate,1.13.1,"","",""
rust-crate:potential_utf@0.1.4,potential_utf,rust-crate,0.1.4,"","",""
rust-crate:powerfmt@0.2.0,powerfmt,rust-crate,0.2.0,"","",""
rust-crate:ppv-lite86@0.2.21,ppv-lite86,rust-crate,0.2.21,"","",""
rust-crate:predicates@3.1.4,predicates,rust-crate,3.1.4,"","",""
rust-crate:predicates-core@1.0.10,predicates-core,rust-crate,1.0.10,"","",""
rust-crate:predicates-tree@1.0.13,predicates-tree,rust-crate,1.0.13,"","",""
rust-crate:priority-queue@2.7.0,priority-queue,rust-crate,2.7.0,"","",""
rust-crate:proc-macro-crate@3.5.0,proc-macro-crate,rust-crate,3.5.0,"","",""
rust-crate:proc-macro-error2@2.0.1,proc-macro-error2,rust-crate,2.0.1,"","",""
rust-crate:proc-macro2@1.0.107,proc-macro2,rust-crate,1.0.107,"","",""
rust-crate:procfs@0.18.0,procfs,rust-crate,0.18.0,"","",""
rust-crate:procfs-core@0.18.0,procfs-core,rust-crate,0.18.0,"","",""
rust-crate:ptr_meta@0.3.1,ptr_meta,rust-crate,0.3.1,"","",""
rust-crate:purl@0.1.6,purl,rust-crate,0.1.6,"","",""
rust-crate:pxfm@0.1.28,pxfm,rust-crate,0.1.28,"","",""
rust-crate:quick-xml@0.41.0,quick-xml,rust-crate,0.41.0,"","",""
rust-crate:quinn@0.11.9,quinn,rust-crate,0.11.9,"","",""
rust-crate:quinn-proto@0.11.15,quinn-proto,rust-crate,0.11.15,"","",""
rust-crate:quinn-udp@0.5.15,quinn-udp,rust-crate,0.5.15,"","",""
rust-crate:quote@1.0.47,quote,rust-crate,1.0.47,"","",""
rust-crate:quoted_printable@0.5.1,quoted_printable,rust-crate,0.5.1,"","",""
rust-crate:rancor@0.1.1,rancor,rust-crate,0.1.1,"","",""
rust-crate:rand@0.8.6,rand,rust-crate,0.8.6,"","",""
rust-crate:rand@0.9.4,rand,rust-crate,0.9.4,"","",""
rust-crate:rand_chacha@0.3.1,rand_chacha,rust-crate,0.3.1,"","",""
rust-crate:rand_chacha@0.9.0,rand_chacha,rust-crate,0.9.0,"","",""
rust-crate:rand_core@0.6.4,rand_core,rust-crate,0.6.4,"","",""
rust-crate:rand_core@0.9.5,rand_core,rust-crate,0.9.5,"","",""
rust-crate:rayon@1.12.0,rayon,rust-crate,1.12.0,"","",""
rust-crate:rayon-core@1.13.0,rayon-core,rust-crate,1.13.0,"","",""
rust-crate:ref-cast@1.0.26,ref-cast,rust-crate,1.0.26,"","",""
rust-crate:reflink-copy@0.1.30,reflink-copy,rust-crate,0.1.30,"","",""
rust-crate:regex@1.13.1,regex,rust-crate,1.13.1,"","",""
rust-crate:regex-automata@0.4.16,regex-automata,rust-crate,0.4.16,"","",""
rust-crate:regex-syntax@0.8.11,regex-syntax,rust-crate,0.8.11,"","",""
rust-crate:rend@0.5.3,rend,rust-crate,0.5.3,"","",""
rust-crate:reqsign@0.20.3,reqsign,rust-crate,0.20.3,"","",""
rust-crate:reqsign-aws-core@3.0.3,reqsign-aws-core,rust-crate,3.0.3,"","",""
rust-crate:reqsign-aws-v4@3.1.0,reqsign-aws-v4,rust-crate,3.1.0,"","",""
rust-crate:reqsign-azure-storage@3.1.2,reqsign-azure-storage,rust-crate,3.1.2,"","",""
rust-crate:reqsign-command-execute-tokio@3.0.4,reqsign-command-execute-tokio,rust-crate,3.0.4,"","",""
rust-crate:reqsign-core@3.2.1,reqsign-core,rust-crate,3.2.1,"","",""
rust-crate:reqsign-file-read-tokio@3.0.4,reqsign-file-read-tokio,rust-crate,3.0.4,"","",""
rust-crate:reqsign-google@3.0.4,reqsign-google,rust-crate,3.0.4,"","",""
rust-crate:reqsign-http-send-reqwest@4.0.4,reqsign-http-send-reqwest,rust-crate,4.0.4,"","",""
rust-crate:reqwest@0.13.4,reqwest,rust-crate,0.13.4,"","",""
rust-crate:retry-policies@0.5.1,retry-policies,rust-crate,0.5.1,"","",""
rust-crate:ring@0.17.14,ring,rust-crate,0.17.14,"","",""
rust-crate:rkyv@0.8.17,rkyv,rust-crate,0.8.17,"","",""
rust-crate:rmp@0.8.15,rmp,rust-crate,0.8.15,"","",""
rust-crate:rmp-serde@1.3.1,rmp-serde,rust-crate,1.3.1,"","",""
rust-crate:rsa@0.9.10,rsa,rust-crate,0.9.10,"","",""
rust-crate:rust-ini@0.21.3,rust-ini,rust-crate,0.21.3,"","",""
rust-crate:rustc-hash@2.1.3,rustc-hash,rust-crate,2.1.3,"","",""
rust-crate:rusticata-macros@4.1.0,rusticata-macros,rust-crate,4.1.0,"","",""
rust-crate:rustix@1.1.4,rustix,rust-crate,1.1.4,"","",""
rust-crate:rustix-linux-procfs@0.1.1,rustix-linux-procfs,rust-crate,0.1.1,"","",""
rust-crate:rustls@0.23.43,rustls,rust-crate,0.23.43,"","",""
rust-crate:rustls-native-certs@0.8.4,rustls-native-certs,rust-crate,0.8.4,"","",""
rust-crate:rustls-pki-types@1.15.1,rustls-pki-types,rust-crate,1.15.1,"","",""
rust-crate:rustls-platform-verifier@0.7.0,rustls-platform-verifier,rust-crate,0.7.0,"","",""
rust-crate:rustls-webpki@0.103.13,rustls-webpki,rust-crate,0.103.13,"","",""
rust-crate:ryu@1.0.23,ryu,rust-crate,1.0.23,"","",""
rust-crate:salsa20@0.10.2,salsa20,rust-crate,0.10.2,"","",""
rust-crate:same-file@1.0.6,same-file,rust-crate,1.0.6,"","",""
rust-crate:schemars@1.2.2,schemars,rust-crate,1.2.2,"","",""
rust-crate:scopeguard@1.2.0,scopeguard,rust-crate,1.2.0,"","",""
rust-crate:scroll@0.13.0,scroll,rust-crate,0.13.0,"","",""
rust-crate:scrypt@0.11.0,scrypt,rust-crate,0.11.0,"","",""
rust-crate:seahash@4.1.0,seahash,rust-crate,4.1.0,"","",""
rust-crate:secrecy@0.10.3,secrecy,rust-crate,0.10.3,"","",""
rust-crate:secret-service@5.1.0,secret-service,rust-crate,5.1.0,"","",""
rust-crate:seize@0.5.1,seize,rust-crate,0.5.1,"","",""
rust-crate:semver@1.0.27,semver,rust-crate,1.0.27,"","",""
rust-crate:serde@1.0.229,serde,rust-crate,1.0.229,"","",""
rust-crate:serde-untagged@0.1.9,serde-untagged,rust-crate,0.1.9,"","",""
rust-crate:serde_core@1.0.229,serde_core,rust-crate,1.0.229,"","",""
rust-crate:serde_json@1.0.151,serde_json,rust-crate,1.0.151,"","",""
rust-crate:serde_repr@0.1.20,serde_repr,rust-crate,0.1.20,"","",""
rust-crate:serde_spanned@1.1.1,serde_spanned,rust-crate,1.1.1,"","",""
rust-crate:serde_urlencoded@0.7.1,serde_urlencoded,rust-crate,0.7.1,"","",""
rust-crate:sha1@0.11.0,sha1,rust-crate,0.11.0,"","",""
rust-crate:sha2@0.10.9,sha2,rust-crate,0.10.9,"","",""
rust-crate:sha2@0.11.0,sha2,rust-crate,0.11.0,"","",""
rust-crate:sharded-slab@0.1.7,sharded-slab,rust-crate,0.1.7,"","",""
rust-crate:shell-escape@0.1.5,shell-escape,rust-crate,0.1.5,"","",""
rust-crate:shellexpand@3.1.2,shellexpand,rust-crate,3.1.2,"","",""
rust-crate:signal-hook-registry@1.4.8,signal-hook-registry,rust-crate,1.4.8,"","",""
rust-crate:signature@2.2.0,signature,rust-crate,2.2.0,"","",""
rust-crate:simd-adler32@0.3.8,simd-adler32,rust-crate,0.3.8,"","",""
rust-crate:simdutf8@0.1.5,simdutf8,rust-crate,0.1.5,"","",""
rust-crate:similar@2.7.0,similar,rust-crate,2.7.0,"","",""
rust-crate:similar@3.1.1,similar,rust-crate,3.1.1,"","",""
rust-crate:slab@0.4.12,slab,rust-crate,0.4.12,"","",""
rust-crate:smallvec@1.15.2,smallvec,rust-crate,1.15.2,"","",""
rust-crate:smawk@0.3.2,smawk,rust-crate,0.3.2,"","",""
rust-crate:socket2@0.6.3,socket2,rust-crate,0.6.3,"","",""
rust-crate:spdx@0.13.4,spdx,rust-crate,0.13.4,"","",""
rust-crate:spin@0.9.8,spin,rust-crate,0.9.8,"","",""
rust-crate:spki@0.7.3,spki,rust-crate,0.7.3,"","",""
rust-crate:stable_deref_trait@1.2.1,stable_deref_trait,rust-crate,1.2.1,"","",""
rust-crate:strip-ansi-escapes@0.2.1,strip-ansi-escapes,rust-crate,0.2.1,"","",""
rust-crate:strsim@0.11.1,strsim,rust-crate,0.11.1,"","",""
rust-crate:strum@0.28.0,strum,rust-crate,0.28.0,"","",""
rust-crate:subtle@2.6.1,subtle,rust-crate,2.6.1,"","",""
rust-crate:supports-color@3.0.2,supports-color,rust-crate,3.0.2,"","",""
rust-crate:supports-hyperlinks@3.2.0,supports-hyperlinks,rust-crate,3.2.0,"","",""
rust-crate:supports-unicode@3.0.0,supports-unicode,rust-crate,3.0.0,"","",""
rust-crate:syn@2.0.118,syn,rust-crate,2.0.118,"","",""
rust-crate:syn@3.0.3,syn,rust-crate,3.0.3,"","",""
rust-crate:sync_wrapper@1.0.2,sync_wrapper,rust-crate,1.0.2,"","",""
rust-crate:synstructure@0.13.2,synstructure,rust-crate,0.13.2,"","",""
rust-crate:tar-codec@0.0.14,tar-codec,rust-crate,0.0.14,"","",""
rust-crate:tar-framing@0.0.14,tar-framing,rust-crate,0.0.14,"","",""
rust-crate:target-lexicon@0.13.5,target-lexicon,rust-crate,0.13.5,"","",""
rust-crate:temp-env@0.3.6,temp-env,rust-crate,0.3.6,"","",""
rust-crate:tempfile@3.27.0,tempfile,rust-crate,3.27.0,"","",""
rust-crate:terminal_size@0.4.4,terminal_size,rust-crate,0.4.4,"","",""
rust-crate:termtree@0.5.1,termtree,rust-crate,0.5.1,"","",""
rust-crate:textwrap@0.16.2,textwrap,rust-crate,0.16.2,"","",""
rust-crate:thiserror@2.0.19,thiserror,rust-crate,2.0.19,"","",""
rust-crate:thread_local@1.1.9,thread_local,rust-crate,1.1.9,"","",""
rust-crate:tikv-jemalloc-sys@0.6.1+5.3.0-1-ge13ca993e8ccb9ba9847cc330696e02839f328f7,tikv-jemalloc-sys,rust-crate,0.6.1+5.3.0-1-ge13ca993e8ccb9ba9847cc330696e02839f328f7,"","",""
rust-crate:tikv-jemallocator@0.6.1,tikv-jemallocator,rust-crate,0.6.1,"","",""
rust-crate:time@0.3.47,time,rust-crate,0.3.47,"","",""
rust-crate:time-core@0.1.8,time-core,rust-crate,0.1.8,"","",""
rust-crate:tinystr@0.8.2,tinystr,rust-crate,0.8.2,"","",""
rust-crate:tinyvec@1.11.0,tinyvec,rust-crate,1.11.0,"","",""
rust-crate:tinyvec_macros@0.1.1,tinyvec_macros,rust-crate,0.1.1,"","",""
rust-crate:tokio@1.53.1,tokio,rust-crate,1.53.1,"","",""
rust-crate:tokio-rustls@0.26.4,tokio-rustls,rust-crate,0.26.4,"","",""
rust-crate:tokio-stream@0.1.19,tokio-stream,rust-crate,0.1.19,"","",""
rust-crate:tokio-util@0.7.19,tokio-util,rust-crate,0.7.19,"","",""
rust-crate:toml@1.1.3+spec-1.1.0,toml,rust-crate,1.1.3+spec-1.1.0,"","",""
rust-crate:toml_datetime@1.1.1+spec-1.1.0,toml_datetime,rust-crate,1.1.1+spec-1.1.0,"","",""
rust-crate:toml_edit@0.25.13+spec-1.1.0,toml_edit,rust-crate,0.25.13+spec-1.1.0,"","",""
rust-crate:toml_parser@1.1.2+spec-1.1.0,toml_parser,rust-crate,1.1.2+spec-1.1.0,"","",""
rust-crate:toml_writer@1.1.2+spec-1.1.0,toml_writer,rust-crate,1.1.2+spec-1.1.0,"","",""
rust-crate:tower@0.5.3,tower,rust-crate,0.5.3,"","",""
rust-crate:tower-http@0.6.8,tower-http,rust-crate,0.6.8,"","",""
rust-crate:tower-layer@0.3.3,tower-layer,rust-crate,0.3.3,"","",""
rust-crate:tower-service@0.3.3,tower-service,rust-crate,0.3.3,"","",""
rust-crate:tracing@0.1.44,tracing,rust-crate,0.1.44,"","",""
rust-crate:tracing-attributes@0.1.31,tracing-attributes,rust-crate,0.1.31,"","",""
rust-crate:tracing-core@0.1.36,tracing-core,rust-crate,0.1.36,"","",""
rust-crate:tracing-log@0.2.0,tracing-log,rust-crate,0.2.0,"","",""
rust-crate:tracing-subscriber@0.3.23,tracing-subscriber,rust-crate,0.3.23,"","",""
rust-crate:tracing-tree@0.4.1,tracing-tree,rust-crate,0.4.1,"","",""
rust-crate:try-lock@0.2.5,try-lock,rust-crate,0.2.5,"","",""
rust-crate:typeid@1.0.3,typeid,rust-crate,1.0.3,"","",""
rust-crate:typenum@1.20.1,typenum,rust-crate,1.20.1,"","",""
rust-crate:ucd-trie@0.1.7,ucd-trie,rust-crate,0.1.7,"","",""
rust-crate:unicase@2.9.0,unicase,rust-crate,2.9.0,"","",""
rust-crate:unicode-ident@1.0.24,unicode-ident,rust-crate,1.0.24,"","",""
rust-crate:unicode-linebreak@0.1.5,unicode-linebreak,rust-crate,0.1.5,"","",""
rust-crate:unicode-width@0.1.14,unicode-width,rust-crate,0.1.14,"","",""
rust-crate:unicode-width@0.2.2,unicode-width,rust-crate,0.2.2,"","",""
rust-crate:unit-prefix@0.5.2,unit-prefix,rust-crate,0.5.2,"","",""
rust-crate:unscanny@0.1.0,unscanny,rust-crate,0.1.0,"","",""
rust-crate:untrusted@0.9.0,untrusted,rust-crate,0.9.0,"","",""
rust-crate:url@2.5.8,url,rust-crate,2.5.8,"","",""
rust-crate:utf8_iter@1.0.4,utf8_iter,rust-crate,1.0.4,"","",""
rust-crate:utf8parse@0.2.2,utf8parse,rust-crate,0.2.2,"","",""
rust-crate:uuid@1.24.0,uuid,rust-crate,1.24.0,"","",""
rust-crate:uv@0.12.9,uv,rust-crate,0.12.9,"","",""
rust-crate:uv-audit@0.0.76,uv-audit,rust-crate,0.0.76,"","",""
rust-crate:uv-auth@0.0.76,uv-auth,rust-crate,0.0.76,"","",""
rust-crate:uv-bin-install@0.0.76,uv-bin-install,rust-crate,0.0.76,"","",""
rust-crate:uv-build-backend@0.0.76,uv-build-backend,rust-crate,0.0.76,"","",""
rust-crate:uv-build-frontend@0.0.76,uv-build-frontend,rust-crate,0.0.76,"","",""
rust-crate:uv-cache@0.0.76,uv-cache,rust-crate,0.0.76,"","",""
rust-crate:uv-cache-info@0.0.76,uv-cache-info,rust-crate,0.0.76,"","",""
rust-crate:uv-cache-key@0.0.76,uv-cache-key,rust-crate,0.0.76,"","",""
rust-crate:uv-cli@0.0.76,uv-cli,rust-crate,0.0.76,"","",""
rust-crate:uv-client@0.0.76,uv-client,rust-crate,0.0.76,"","",""
rust-crate:uv-configuration@0.0.76,uv-configuration,rust-crate,0.0.76,"","",""
rust-crate:uv-console@0.0.76,uv-console,rust-crate,0.0.76,"","",""
rust-crate:uv-dirs@0.0.76,uv-dirs,rust-crate,0.0.76,"","",""
rust-crate:uv-dispatch@0.0.76,uv-dispatch,rust-crate,0.0.76,"","",""
rust-crate:uv-distribution@0.0.76,uv-distribution,rust-crate,0.0.76,"","",""
rust-crate:uv-distribution-filename@0.0.76,uv-distribution-filename,rust-crate,0.0.76,"","",""
rust-crate:uv-distribution-types@0.0.76,uv-distribution-types,rust-crate,0.0.76,"","",""
rust-crate:uv-errors@0.0.76,uv-errors,rust-crate,0.0.76,"","",""
rust-crate:uv-extract@0.0.76,uv-extract,rust-crate,0.0.76,"","",""
rust-crate:uv-fastid@0.0.76,uv-fastid,rust-crate,0.0.76,"","",""
rust-crate:uv-flags@0.0.76,uv-flags,rust-crate,0.0.76,"","",""
rust-crate:uv-fs@0.0.76,uv-fs,rust-crate,0.0.76,"","",""
rust-crate:uv-git@0.0.76,uv-git,rust-crate,0.0.76,"","",""
rust-crate:uv-git-types@0.0.76,uv-git-types,rust-crate,0.0.76,"","",""
rust-crate:uv-globfilter@0.0.76,uv-globfilter,rust-crate,0.0.76,"","",""
rust-crate:uv-install-wheel@0.0.76,uv-install-wheel,rust-crate,0.0.76,"","",""
rust-crate:uv-installer@0.0.76,uv-installer,rust-crate,0.0.76,"","",""
rust-crate:uv-keyring@0.0.76,uv-keyring,rust-crate,0.0.76,"","",""
rust-crate:uv-logging@0.0.76,uv-logging,rust-crate,0.0.76,"","",""
rust-crate:uv-metadata@0.0.76,uv-metadata,rust-crate,0.0.76,"","",""
rust-crate:uv-netrc@0.0.76,uv-netrc,rust-crate,0.0.76,"","",""
rust-crate:uv-normalize@0.0.76,uv-normalize,rust-crate,0.0.76,"","",""
rust-crate:uv-once-map@0.0.76,uv-once-map,rust-crate,0.0.76,"","",""
rust-crate:uv-options-metadata@0.0.76,uv-options-metadata,rust-crate,0.0.76,"","",""
rust-crate:uv-pep440@0.0.76,uv-pep440,rust-crate,0.0.76,"","",""
rust-crate:uv-pep508@0.0.76,uv-pep508,rust-crate,0.0.76,"","",""
rust-crate:uv-performance-memory-allocator@0.0.76,uv-performance-memory-allocator,rust-crate,0.0.76,"","",""
rust-crate:uv-platform@0.0.76,uv-platform,rust-crate,0.0.76,"","",""
rust-crate:uv-platform-tags@0.0.76,uv-platform-tags,rust-crate,0.0.76,"","",""
rust-crate:uv-preview@0.0.76,uv-preview,rust-crate,0.0.76,"","",""
rust-crate:uv-publish@0.0.76,uv-publish,rust-crate,0.0.76,"","",""
rust-crate:uv-pypi-types@0.0.76,uv-pypi-types,rust-crate,0.0.76,"","",""
rust-crate:uv-python@0.0.76,uv-python,rust-crate,0.0.76,"","",""
rust-crate:uv-redacted@0.0.76,uv-redacted,rust-crate,0.0.76,"","",""
rust-crate:uv-requirements@0.0.76,uv-requirements,rust-crate,0.0.76,"","",""
rust-crate:uv-requirements-txt@0.0.76,uv-requirements-txt,rust-crate,0.0.76,"","",""
rust-crate:uv-resolver@0.0.76,uv-resolver,rust-crate,0.0.76,"","",""
rust-crate:uv-scripts@0.0.76,uv-scripts,rust-crate,0.0.76,"","",""
rust-crate:uv-settings@0.0.76,uv-settings,rust-crate,0.0.76,"","",""
rust-crate:uv-shell@0.0.76,uv-shell,rust-crate,0.0.76,"","",""
rust-crate:uv-small-str@0.0.76,uv-small-str,rust-crate,0.0.76,"","",""
rust-crate:uv-state@0.0.76,uv-state,rust-crate,0.0.76,"","",""
rust-crate:uv-static@0.0.76,uv-static,rust-crate,0.0.76,"","",""
rust-crate:uv-test@0.0.76,uv-test,rust-crate,0.0.76,"","",""
rust-crate:uv-toml@0.0.76,uv-toml,rust-crate,0.0.76,"","",""
rust-crate:uv-tool@0.0.76,uv-tool,rust-crate,0.0.76,"","",""
rust-crate:uv-torch@0.0.76,uv-torch,rust-crate,0.0.76,"","",""
rust-crate:uv-trampoline-builder@0.0.76,uv-trampoline-builder,rust-crate,0.0.76,"","",""
rust-crate:uv-types@0.0.76,uv-types,rust-crate,0.0.76,"","",""
rust-crate:uv-unix@0.0.76,uv-unix,rust-crate,0.0.76,"","",""
rust-crate:uv-version@0.12.9,uv-version,rust-crate,0.12.9,"","",""
rust-crate:uv-virtualenv@0.0.76,uv-virtualenv,rust-crate,0.0.76,"","",""
rust-crate:uv-warnings@0.0.76,uv-warnings,rust-crate,0.0.76,"","",""
rust-crate:uv-workspace@0.0.76,uv-workspace,rust-crate,0.0.76,"","",""
rust-crate:vte@0.14.1,vte,rust-crate,0.14.1,"","",""
rust-crate:wait-timeout@0.2.1,wait-timeout,rust-crate,0.2.1,"","",""
rust-crate:walkdir@2.5.0,walkdir,rust-crate,2.5.0,"","",""
rust-crate:want@0.3.1,want,rust-crate,0.3.1,"","",""
rust-crate:webpki-root-certs@1.0.9,webpki-root-certs,rust-crate,1.0.9,"","",""
rust-crate:which@8.0.5,which,rust-crate,8.0.5,"","",""
rust-crate:winnow@1.0.3,winnow,rust-crate,1.0.3,"","",""
rust-crate:wiremock@0.6.5,wiremock,rust-crate,0.6.5,"","",""
rust-crate:writeable@0.6.2,writeable,rust-crate,0.6.2,"","",""
rust-crate:x509-parser@0.18.1,x509-parser,rust-crate,0.18.1,"","",""
rust-crate:xattr@1.6.1,xattr,rust-crate,1.6.1,"","",""
rust-crate:xml-rs@0.8.28,xml-rs,rust-crate,0.8.28,"","",""
rust-crate:yoke@0.8.1,yoke,rust-crate,0.8.1,"","",""
rust-crate:yoke-derive@0.8.1,yoke-derive,rust-crate,0.8.1,"","",""
rust-crate:zbus@5.15.0,zbus,rust-crate,5.15.0,"","",""
rust-crate:zbus_macros@5.15.0,zbus_macros,rust-crate,5.15.0,"","",""
rust-crate:zbus_names@4.3.2,zbus_names,rust-crate,4.3.2,"","",""
rust-crate:zerocopy@0.8.56,zerocopy,rust-crate,0.8.56,"","",""
rust-crate:zerocopy-derive@0.8.56,zerocopy-derive,rust-crate,0.8.56,"","",""
rust-crate:zerofrom@0.1.6,zerofrom,rust-crate,0.1.6,"","",""
rust-crate:zerofrom-derive@0.1.6,zerofrom-derive,rust-crate,0.1.6,"","",""
rust-crate:zeroize@1.9.0,zeroize,rust-crate,1.9.0,"","",""
rust-crate:zerotrie@0.2.3,zerotrie,rust-crate,0.2.3,"","",""
rust-crate:zerovec@0.11.5,zerovec,rust-crate,0.11.5,"","",""
rust-crate:zerovec-derive@0.11.2,zerovec-derive,rust-crate,0.11.2,"","",""
rust-crate:zlib-rs@0.6.3,zlib-rs,rust-crate,0.6.3,"","",""
rust-crate:zmij@1.0.21,zmij,rust-crate,1.0.21,"","",""
rust-crate:zstd@0.13.3,zstd,rust-crate,0.13.3,"","",""
rust-crate:zstd-safe@7.2.4,zstd-safe,rust-crate,7.2.4,"","",""
rust-crate:zstd-sys@2.0.16+zstd.1.5.7,zstd-sys,rust-crate,2.0.16+zstd.1.5.7,"","",""
rust-crate:zvariant@5.11.0,zvariant,rust-crate,5.11.0,"","",""
rust-crate:zvariant_derive@5.11.0,zvariant_derive,rust-crate,5.11.0,"","",""
rust-crate:zvariant_utils@3.3.1,zvariant_utils,rust-crate,3.3.1,"","",""
